FechaObservacion;ValorObservado
10/10/2006 9:00;60.0
11/10/2006 0:00;78.0
18/10/2006 14:00;69.0
19/10/2006 0:00;79.0
20/10/2006 0:00;83.0
21/10/2006 0:00;85.0
22/10/2006 0:00;82.0
23/10/2006 0:00;82.0
24/10/2006 0:00;88.0
25/10/2006 19:00;82.0
26/10/2006 1:00;80.0
27/10/2006 0:00;81.0
28/10/2006 0:00;86.0
29/10/2006 0:00;83.0
30/10/2006 0:00;86.0
31/10/2006 0:00;81.0
1/11/2006 0:00;89.0
2/11/2006 0:00;84.0
3/11/2006 0:00;81.0
4/11/2006 0:00;80.0
5/11/2006 9:00;77.0
6/11/2006 0:00;84.0
7/11/2006 0:00;88.0
8/11/2006 0:00;87.0
9/11/2006 0:00;86.0
10/11/2006 0:00;85.0
11/11/2006 0:00;83.0
12/11/2006 0:00;81.0
13/11/2006 0:00;80.0
14/11/2006 0:00;78.0
15/11/2006 0:00;87.0
16/11/2006 0:00;87.0
17/11/2006 0:00;92.0
18/11/2006 0:00;86.0
26/11/2006 19:00;84.0
27/11/2006 0:00;83.0
28/11/2006 0:00;85.0
29/11/2006 0:00;87.0
30/11/2006 0:00;81.0
1/12/2006 0:00;72.0
2/12/2006 0:00;78.0
3/12/2006 0:00;74.0
4/12/2006 0:00;77.0
5/12/2006 0:00;78.0
6/12/2006 0:00;81.0
9/12/2006 14:00;77.0
10/12/2006 0:00;84.0
11/12/2006 0:00;78.0
12/12/2006 0:00;89.0
13/12/2006 0:00;87.0
14/12/2006 0:00;80.0
15/12/2006 0:00;81.0
16/12/2006 0:00;85.0
17/12/2006 0:00;82.0
18/12/2006 0:00;79.0
19/12/2006 0:00;84.0
20/12/2006 0:00;85.0
21/12/2006 0:00;88.0
22/12/2006 0:00;83.0
23/12/2006 0:00;77.0
24/12/2006 0:00;78.0
25/12/2006 0:00;71.0
26/12/2006 0:00;76.0
27/12/2006 0:00;86.0
28/12/2006 0:00;84.0
29/12/2006 0:00;73.0
30/12/2006 0:00;76.0
31/12/2006 0:00;80.0
1/01/2007 0:00;78.0
2/01/2007 0:00;73.0
3/01/2007 0:00;70.0
4/01/2007 0:00;72.0
5/01/2007 0:00;75.0
6/01/2007 0:00;79.0
7/01/2007 0:00;78.0
8/01/2007 0:00;84.0
9/01/2007 0:00;85.0
10/01/2007 0:00;87.0
11/01/2007 0:00;88.0
12/01/2007 0:00;86.0
13/01/2007 0:00;79.0
14/01/2007 0:00;80.0
15/01/2007 1:00;80.0
16/01/2007 1:00;82.0
17/01/2007 0:00;81.0
18/01/2007 0:00;83.0
19/01/2007 0:00;80.0
20/01/2007 0:00;84.0
21/01/2007 0:00;86.0
22/01/2007 0:00;76.0
23/01/2007 0:00;84.0
24/01/2007 0:00;87.0
25/01/2007 0:00;86.0
26/01/2007 0:00;88.0
27/01/2007 0:00;85.0
28/01/2007 0:00;87.0
29/01/2007 0:00;88.0
30/01/2007 0:00;87.0
31/01/2007 0:00;75.0
1/02/2007 0:00;86.0
2/02/2007 0:00;68.0
3/02/2007 0:00;73.0
4/02/2007 0:00;78.0
5/02/2007 0:00;78.0
6/02/2007 0:00;83.0
7/02/2007 0:00;83.0
8/02/2007 0:00;83.0
9/02/2007 0:00;85.0
10/02/2007 0:00;85.0
11/02/2007 0:00;85.0
12/02/2007 0:00;86.0
13/02/2007 0:00;76.0
14/02/2007 0:00;87.0
15/02/2007 0:00;84.0
16/02/2007 0:00;87.0
17/02/2007 0:00;83.0
18/02/2007 0:00;84.0
19/02/2007 0:00;83.0
20/02/2007 0:00;77.0
21/02/2007 0:00;71.0
22/02/2007 0:00;81.0
23/02/2007 0:00;82.0
24/02/2007 0:00;84.0
25/02/2007 0:00;87.0
26/02/2007 0:00;82.0
27/02/2007 0:00;80.0
28/02/2007 0:00;76.0
1/03/2007 0:00;71.0
2/03/2007 0:00;76.0
3/03/2007 0:00;77.0
4/03/2007 0:00;71.0
5/03/2007 0:00;85.0
6/03/2007 0:00;86.0
7/03/2007 0:00;86.0
8/03/2007 0:00;85.0
9/03/2007 0:00;88.0
10/03/2007 0:00;88.0
11/03/2007 0:00;86.0
12/03/2007 0:00;88.0
13/03/2007 0:00;76.0
14/03/2007 0:00;83.0
15/03/2007 9:00;76.0
16/03/2007 0:00;85.0
17/03/2007 0:00;87.0
20/03/2007 8:00;77.0
21/03/2007 0:00;87.0
22/03/2007 0:00;87.0
23/03/2007 9:00;87.0
24/03/2007 0:00;86.0
25/03/2007 0:00;86.0
26/03/2007 0:00;88.0
27/03/2007 0:00;88.0
28/03/2007 0:00;86.0
29/03/2007 0:00;86.0
30/03/2007 0:00;86.0
31/03/2007 0:00;83.0
1/04/2007 0:00;85.0
2/04/2007 0:00;86.0
3/04/2007 0:00;87.0
4/04/2007 0:00;87.0
5/04/2007 0:00;86.0
6/04/2007 0:00;87.0
7/04/2007 0:00;89.0
8/04/2007 0:00;88.0
9/04/2007 0:00;92.0
10/04/2007 0:00;89.0
11/04/2007 0:00;87.0
12/04/2007 0:00;89.0
13/04/2007 1:00;85.0
14/04/2007 0:00;85.0
15/04/2007 0:00;85.0
16/04/2007 0:00;85.0
17/04/2007 0:00;84.0
18/04/2007 0:00;81.0
19/04/2007 15:00;79.0
20/04/2007 0:00;86.0
22/04/2007 14:00;73.0
23/04/2007 0:00;86.0
24/04/2007 0:00;81.0
25/04/2007 0:00;86.0
26/04/2007 0:00;87.0
27/04/2007 0:00;87.0
28/04/2007 0:00;86.0
29/04/2007 0:00;85.0
30/04/2007 0:00;86.0
1/05/2007 0:00;86.0
2/05/2007 0:00;86.0
3/05/2007 0:00;86.0
4/05/2007 0:00;88.0
5/05/2007 0:00;89.0
6/05/2007 0:00;85.0
7/05/2007 0:00;88.0
8/05/2007 0:00;87.0
9/05/2007 0:00;90.0
10/05/2007 0:00;89.0
11/05/2007 0:00;91.0
12/05/2007 0:00;88.0
13/05/2007 0:00;88.0
14/05/2007 0:00;88.0
15/05/2007 0:00;89.0
16/05/2007 0:00;88.0
17/05/2007 0:00;84.0
18/05/2007 0:00;85.0
19/05/2007 0:00;87.0
20/05/2007 0:00;83.0
21/05/2007 0:00;87.0
22/05/2007 0:00;87.0
23/05/2007 0:00;82.0
24/05/2007 0:00;82.0
25/05/2007 0:00;88.0
26/05/2007 0:00;85.0
27/05/2007 0:00;88.0
28/05/2007 0:00;83.0
29/05/2007 0:00;88.0
30/05/2007 0:00;94.0
31/05/2007 0:00;84.0
1/06/2007 8:00;68.0
2/06/2007 0:00;81.0
3/06/2007 0:00;89.0
4/06/2007 0:00;95.0
5/06/2007 0:00;89.0
6/06/2007 0:00;87.0
7/06/2007 0:00;75.0
8/06/2007 0:00;82.0
9/06/2007 0:00;87.0
10/06/2007 0:00;85.0
11/06/2007 0:00;84.0
12/06/2007 0:00;90.0
13/06/2007 0:00;87.0
14/06/2007 0:00;89.0
15/06/2007 0:00;83.0
16/06/2007 0:00;86.0
17/06/2007 0:00;82.0
18/06/2007 0:00;85.0
19/06/2007 0:00;77.0
20/06/2007 9:00;79.0
21/06/2007 0:00;84.0
22/06/2007 0:00;84.0
23/06/2007 0:00;85.0
24/06/2007 0:00;84.0
25/06/2007 0:00;80.0
26/06/2007 0:00;84.0
27/06/2007 0:00;87.0
28/06/2007 0:00;82.0
29/06/2007 0:00;86.0
30/06/2007 0:00;87.0
1/07/2007 0:00;87.0
2/07/2007 0:00;83.0
3/07/2007 0:00;82.0
4/07/2007 0:00;83.0
5/07/2007 0:00;86.0
6/07/2007 0:00;77.0
7/07/2007 0:00;79.0
8/07/2007 0:00;88.0
9/07/2007 8:00;84.0
10/07/2007 0:00;86.0
11/07/2007 0:00;80.0
12/07/2007 0:00;79.0
13/07/2007 0:00;81.0
14/07/2007 0:00;88.0
15/07/2007 0:00;83.0
16/07/2007 0:00;86.0
17/07/2007 0:00;85.0
18/07/2007 0:00;79.0
19/07/2007 0:00;83.0
20/07/2007 0:00;80.0
21/07/2007 0:00;88.0
22/07/2007 0:00;84.0
23/07/2007 0:00;84.0
24/07/2007 0:00;86.0
25/07/2007 0:00;82.0
26/07/2007 0:00;86.0
27/07/2007 0:00;87.0
28/07/2007 0:00;86.0
29/07/2007 0:00;84.0
30/07/2007 0:00;85.0
31/07/2007 0:00;86.0
1/08/2007 0:00;84.0
2/08/2007 0:00;86.0
3/08/2007 0:00;82.0
4/08/2007 0:00;87.0
5/08/2007 0:00;84.0
6/08/2007 0:00;82.0
7/08/2007 0:00;89.0
8/08/2007 0:00;83.0
9/08/2007 0:00;85.0
10/08/2007 0:00;85.0
11/08/2007 0:00;87.0
12/08/2007 0:00;93.0
13/08/2007 0:00;93.0
14/08/2007 0:00;87.0
15/08/2007 0:00;81.0
16/08/2007 0:00;82.0
17/08/2007 0:00;82.0
18/08/2007 0:00;85.0
19/08/2007 0:00;89.0
20/08/2007 0:00;88.0
21/08/2007 0:00;91.0
22/08/2007 8:00;82.0
23/08/2007 0:00;86.0
24/08/2007 0:00;82.0
25/08/2007 0:00;86.0
26/08/2007 0:00;94.0
27/08/2007 0:00;94.0
28/08/2007 0:00;85.0
29/08/2007 0:00;84.0
30/08/2007 0:00;87.0
31/08/2007 0:00;86.0
1/09/2007 0:00;89.0
2/09/2007 0:00;87.0
3/09/2007 0:00;86.0
4/09/2007 0:00;88.0
5/09/2007 0:00;78.0
6/09/2007 0:00;85.0
7/09/2007 0:00;82.0
8/09/2007 0:00;86.0
9/09/2007 0:00;83.0
10/09/2007 0:00;91.0
11/09/2007 0:00;83.0
12/09/2007 0:00;81.0
13/09/2007 0:00;81.0
14/09/2007 0:00;81.0
15/09/2007 0:00;86.0
16/09/2007 0:00;92.0
17/09/2007 0:00;84.0
18/09/2007 0:00;84.0
19/09/2007 0:00;86.0
20/09/2007 0:00;88.0
21/09/2007 0:00;81.0
22/09/2007 0:00;86.0
23/09/2007 0:00;87.0
24/09/2007 0:00;79.0
25/09/2007 0:00;83.0
26/09/2007 0:00;87.0
27/09/2007 0:00;92.0
28/09/2007 0:00;85.0
29/09/2007 0:00;86.0
30/09/2007 0:00;85.0
1/10/2007 0:00;86.0
2/10/2007 0:00;84.0
3/10/2007 0:00;84.0
4/10/2007 0:00;81.0
5/10/2007 0:00;89.0
6/10/2007 0:00;88.0
7/10/2007 0:00;84.0
8/10/2007 0:00;92.0
9/10/2007 0:00;86.0
10/10/2007 0:00;83.0
11/10/2007 0:00;84.0
6/12/2007 14:00;70.0
17/12/2007 14:00;70.0
18/12/2007 0:00;84.0
19/12/2007 0:00;84.0
20/12/2007 0:00;81.0
21/12/2007 0:00;81.0
22/12/2007 0:00;82.0
23/12/2007 0:00;83.0
24/12/2007 0:00;87.0
25/12/2007 0:00;83.0
26/12/2007 0:00;83.0
27/12/2007 0:00;79.0
28/12/2007 0:00;80.0
29/12/2007 0:00;81.0
30/12/2007 0:00;80.0
31/12/2007 0:00;84.0
1/01/2008 0:00;79.0
2/01/2008 0:00;78.0
3/01/2008 0:00;83.0
4/01/2008 0:00;82.0
5/01/2008 0:00;77.0
6/01/2008 0:00;82.0
7/01/2008 0:00;85.0
8/01/2008 0:00;87.0
9/01/2008 0:00;86.0
10/01/2008 0:00;83.0
11/01/2008 0:00;85.0
12/01/2008 0:00;80.0
13/01/2008 0:00;85.0
14/01/2008 0:00;87.0
15/01/2008 0:00;87.0
16/01/2008 0:00;82.0
17/01/2008 0:00;83.0
18/01/2008 0:00;78.0
19/01/2008 0:00;79.0
20/01/2008 0:00;81.0
21/01/2008 8:00;79.0
22/01/2008 17:00;81.0
23/01/2008 0:00;81.0
24/01/2008 1:00;73.0
25/01/2008 0:00;79.0
26/01/2008 0:00;83.0
27/01/2008 0:00;84.0
28/01/2008 0:00;83.0
29/01/2008 0:00;78.0
30/01/2008 1:00;85.0
31/01/2008 1:00;83.0
1/02/2008 0:00;75.0
2/02/2008 1:00;80.0
3/02/2008 0:00;80.0
4/02/2008 0:00;74.0
5/02/2008 0:00;83.0
6/02/2008 0:00;76.0
7/02/2008 2:00;81.0
8/02/2008 0:00;81.0
9/02/2008 0:00;74.0
10/02/2008 0:00;84.0
11/02/2008 0:00;88.0
12/02/2008 0:00;83.0
13/02/2008 0:00;83.0
14/02/2008 0:00;85.0
18/02/2008 20:00;81.0
19/02/2008 0:00;82.0
20/02/2008 0:00;85.0
21/02/2008 0:00;84.0
22/02/2008 0:00;85.0
23/02/2008 0:00;83.0
24/02/2008 0:00;82.0
25/02/2008 0:00;85.0
26/02/2008 0:00;79.0
27/02/2008 0:00;85.0
28/02/2008 0:00;86.0
29/02/2008 0:00;85.0
1/03/2008 0:00;84.0
2/03/2008 0:00;86.0
3/03/2008 0:00;84.0
11/04/2008 21:00;85.0
12/04/2008 0:00;85.0
5/06/2008 13:00;78.0
6/06/2008 0:00;89.0
7/06/2008 8:00;82.0
8/06/2008 0:00;88.0
9/06/2008 7:00;91.0
10/06/2008 8:00;84.0
11/06/2008 7:00;86.0
12/06/2008 0:00;84.0
13/06/2008 0:00;87.0
14/06/2008 0:00;89.0
15/06/2008 0:00;90.0
16/06/2008 0:00;88.0
17/06/2008 0:00;88.0
18/06/2008 0:00;89.0
19/06/2008 0:00;88.0
20/06/2008 0:00;87.0
21/06/2008 0:00;85.0
22/06/2008 0:00;77.0
23/06/2008 0:00;88.0
24/06/2008 0:00;88.0
25/06/2008 0:00;83.0
26/06/2008 0:00;89.0
27/06/2008 0:00;82.0
28/06/2008 0:00;83.0
29/06/2008 0:00;89.0
30/06/2008 0:00;88.0
1/07/2008 0:00;87.0
2/07/2008 0:00;87.0
3/07/2008 0:00;87.0
4/07/2008 0:00;85.0
5/07/2008 0:00;88.0
6/07/2008 0:00;82.0
7/07/2008 0:00;82.0
8/07/2008 0:00;88.0
9/07/2008 0:00;85.0
10/07/2008 0:00;86.0
11/07/2008 0:00;87.0
12/07/2008 0:00;89.0
13/07/2008 0:00;87.0
14/07/2008 0:00;83.0
15/07/2008 0:00;87.0
16/07/2008 0:00;88.0
17/07/2008 0:00;93.0
18/07/2008 0:00;87.0
19/07/2008 0:00;87.0
20/07/2008 0:00;87.0
21/07/2008 1:00;81.0
22/07/2008 0:00;87.0
23/07/2008 0:00;85.0
24/07/2008 0:00;82.0
25/07/2008 0:00;87.0
26/07/2008 0:00;80.0
27/07/2008 9:00;79.0
28/07/2008 1:00;89.0
29/07/2008 1:00;87.0
30/07/2008 0:00;87.0
31/07/2008 0:00;86.0
1/08/2008 0:00;79.0
2/08/2008 0:00;87.0
3/08/2008 0:00;88.0
4/08/2008 0:00;87.0
5/08/2008 8:00;83.0
6/08/2008 0:00;86.0
7/08/2008 0:00;87.0
8/08/2008 0:00;81.0
9/08/2008 0:00;87.0
10/08/2008 0:00;87.0
11/08/2008 1:00;89.0
12/08/2008 0:00;87.0
13/08/2008 0:00;85.0
14/08/2008 0:00;82.0
15/08/2008 8:00;86.0
16/08/2008 0:00;86.0
17/08/2008 0:00;88.0
18/08/2008 0:00;82.0
19/08/2008 0:00;77.0
20/08/2008 0:00;91.0
21/08/2008 0:00;82.0
22/08/2008 0:00;82.0
23/08/2008 0:00;91.0
24/08/2008 0:00;87.0
25/08/2008 0:00;90.0
26/08/2008 0:00;85.0
27/08/2008 0:00;85.0
28/08/2008 8:00;87.0
29/08/2008 0:00;85.0
30/08/2008 0:00;85.0
31/08/2008 0:00;84.0
1/09/2008 0:00;83.0
2/09/2008 0:00;88.0
3/09/2008 0:00;86.0
4/09/2008 0:00;77.0
5/09/2008 0:00;79.0
6/09/2008 0:00;85.0
7/09/2008 0:00;85.0
8/09/2008 0:00;85.0
9/09/2008 0:00;83.0
10/09/2008 0:00;87.0
11/09/2008 0:00;87.0
12/09/2008 0:00;86.0
13/09/2008 0:00;87.0
14/09/2008 0:00;87.0
15/09/2008 0:00;84.0
16/09/2008 0:00;89.0
17/09/2008 0:00;80.0
18/09/2008 0:00;82.0
19/09/2008 0:00;83.0
20/09/2008 1:00;85.0
21/09/2008 0:00;88.0
22/09/2008 0:00;85.0
23/09/2008 0:00;85.0
24/09/2008 0:00;75.0
25/09/2008 0:00;89.0
26/09/2008 0:00;82.0
27/09/2008 0:00;86.0
28/09/2008 0:00;83.0
29/09/2008 0:00;87.0
30/09/2008 0:00;88.0
1/10/2008 0:00;92.0
2/10/2008 0:00;89.0
3/10/2008 0:00;89.0
4/10/2008 0:00;91.0
5/10/2008 0:00;91.0
6/10/2008 0:00;90.0
7/10/2008 0:00;82.0
8/10/2008 0:00;93.0
9/10/2008 0:00;83.0
10/10/2008 0:00;84.0
11/10/2008 0:00;91.0
12/10/2008 0:00;83.0
13/10/2008 0:00;89.0
14/10/2008 0:00;86.0
15/10/2008 0:00;86.0
16/10/2008 0:00;84.0
17/10/2008 0:00;90.0
18/10/2008 0:00;82.0
19/10/2008 0:00;82.0
20/10/2008 0:00;93.0
21/10/2008 0:00;77.0
22/10/2008 0:00;89.0
23/10/2008 0:00;88.0
24/10/2008 0:00;82.0
25/10/2008 0:00;86.0
26/10/2008 0:00;83.0
27/10/2008 0:00;83.0
28/10/2008 0:00;84.0
29/10/2008 0:00;86.0
30/10/2008 0:00;86.0
31/10/2008 0:00;89.0
1/11/2008 0:00;89.0
2/11/2008 0:00;93.0
3/11/2008 0:00;91.0
4/11/2008 0:00;84.0
5/11/2008 0:00;90.0
6/11/2008 0:00;84.0
7/11/2008 0:00;85.0
8/11/2008 0:00;87.0
9/11/2008 0:00;85.0
10/11/2008 0:00;85.0
11/11/2008 0:00;84.0
12/11/2008 0:00;81.0
13/11/2008 0:00;83.0
14/11/2008 0:00;86.0
15/11/2008 0:00;82.0
16/11/2008 0:00;86.0
17/11/2008 0:00;84.0
18/11/2008 1:00;87.0
19/11/2008 0:00;81.0
20/11/2008 0:00;82.0
21/11/2008 0:00;85.0
22/11/2008 0:00;80.0
23/11/2008 0:00;82.0
24/11/2008 0:00;80.0
25/11/2008 0:00;87.0
26/11/2008 0:00;94.0
27/11/2008 0:00;89.0
28/11/2008 0:00;95.0
29/11/2008 0:00;75.0
30/11/2008 0:00;75.0
1/12/2008 0:00;77.0
2/12/2008 0:00;81.0
3/12/2008 0:00;82.0
4/12/2008 0:00;83.0
5/12/2008 0:00;76.0
6/12/2008 0:00;71.0
7/12/2008 0:00;73.0
8/12/2008 7:00;78.0
9/12/2008 6:00;80.0
10/12/2008 0:00;80.0
11/12/2008 0:00;76.0
12/12/2008 0:00;88.0
13/12/2008 0:00;79.0
14/12/2008 6:00;77.0
15/12/2008 0:00;76.0
16/12/2008 0:00;83.0
17/12/2008 0:00;81.0
18/12/2008 0:00;75.0
19/12/2008 0:00;77.0
20/12/2008 0:00;81.0
21/12/2008 0:00;82.0
22/12/2008 0:00;83.0
23/12/2008 0:00;85.0
24/12/2008 0:00;73.0
25/12/2008 0:00;80.0
26/12/2008 0:00;81.0
27/12/2008 0:00;77.0
28/12/2008 0:00;80.0
29/12/2008 0:00;74.0
30/12/2008 0:00;85.0
31/12/2008 0:00;89.0
1/01/2009 0:00;87.0
2/01/2009 0:00;86.0
3/01/2009 0:00;85.0
4/01/2009 0:00;91.0
5/01/2009 0:00;90.0
6/01/2009 0:00;88.0
7/01/2009 0:00;90.0
8/01/2009 0:00;88.0
9/01/2009 0:00;87.0
10/01/2009 0:00;83.0
11/01/2009 0:00;78.0
12/01/2009 0:00;79.0
13/01/2009 0:00;73.0
14/01/2009 0:00;81.0
15/01/2009 0:00;79.0
16/01/2009 0:00;70.0
17/01/2009 0:00;85.0
18/01/2009 0:00;87.0
19/01/2009 0:00;85.0
20/01/2009 0:00;88.0
21/01/2009 0:00;89.0
22/01/2009 0:00;89.0
23/01/2009 0:00;86.0
24/01/2009 0:00;87.0
25/01/2009 0:00;83.0
26/01/2009 0:00;88.0
27/01/2009 0:00;84.0
28/01/2009 0:00;82.0
29/01/2009 0:00;79.0
30/01/2009 0:00;84.0
31/01/2009 0:00;88.0
1/02/2009 0:00;86.0
2/02/2009 0:00;82.0
3/02/2009 0:00;76.0
4/02/2009 0:00;85.0
5/02/2009 0:00;86.0
6/02/2009 1:00;84.0
7/02/2009 0:00;80.0
8/02/2009 0:00;83.0
9/02/2009 0:00;85.0
10/02/2009 0:00;88.0
11/02/2009 0:00;83.0
12/02/2009 0:00;76.0
13/02/2009 0:00;81.0
14/02/2009 0:00;85.0
15/02/2009 0:00;72.0
16/02/2009 0:00;86.0
17/02/2009 0:00;82.0
18/02/2009 0:00;85.0
19/02/2009 0:00;78.0
20/02/2009 0:00;81.0
21/02/2009 0:00;83.0
22/02/2009 0:00;75.0
23/02/2009 0:00;73.0
24/02/2009 0:00;86.0
25/02/2009 0:00;87.0
26/02/2009 0:00;87.0
27/02/2009 0:00;86.0
28/02/2009 0:00;87.0
1/03/2009 0:00;87.0
2/03/2009 0:00;88.0
3/03/2009 0:00;88.0
4/03/2009 0:00;87.0
5/03/2009 0:00;85.0
6/03/2009 0:00;84.0
7/03/2009 0:00;83.0
8/03/2009 0:00;80.0
9/03/2009 0:00;74.0
10/03/2009 0:00;77.0
11/03/2009 0:00;82.0
12/03/2009 0:00;84.0
13/03/2009 0:00;86.0
14/03/2009 0:00;87.0
15/03/2009 0:00;85.0
16/03/2009 0:00;81.0
17/03/2009 0:00;87.0
18/03/2009 0:00;86.0
19/03/2009 0:00;87.0
20/03/2009 0:00;87.0
21/03/2009 0:00;88.0
22/03/2009 0:00;88.0
23/03/2009 0:00;88.0
24/03/2009 0:00;86.0
25/03/2009 0:00;89.0
26/03/2009 0:00;87.0
27/03/2009 0:00;87.0
28/03/2009 0:00;89.0
29/03/2009 19:00;86.0
30/03/2009 0:00;89.0
31/03/2009 17:00;80.0
21/04/2009 8:00;89.0
22/04/2009 0:00;90.0
23/04/2009 0:00;89.0
24/04/2009 0:00;86.0
25/04/2009 0:00;86.0
26/04/2009 0:00;85.0
27/04/2009 0:00;89.0
28/04/2009 0:00;88.0
29/04/2009 0:00;85.0
30/04/2009 0:00;89.0
1/05/2009 0:00;88.0
2/05/2009 0:00;89.0
3/05/2009 0:00;89.0
4/05/2009 0:00;91.0
5/05/2009 0:00;90.0
6/05/2009 0:00;88.0
7/05/2009 0:00;88.0
8/05/2009 0:00;89.0
9/05/2009 0:00;92.0
10/05/2009 0:00;90.0
11/05/2009 0:00;79.0
12/05/2009 0:00;89.0
13/05/2009 0:00;89.0
14/05/2009 0:00;90.0
15/05/2009 0:00;90.0
16/05/2009 0:00;90.0
17/05/2009 0:00;89.0
18/05/2009 0:00;90.0
19/05/2009 0:00;90.0
20/05/2009 0:00;89.0
21/05/2009 0:00;86.0
22/05/2009 0:00;87.0
23/05/2009 0:00;88.0
24/05/2009 0:00;87.0
25/05/2009 0:00;86.0
26/05/2009 0:00;86.0
27/05/2009 0:00;87.0
28/05/2009 0:00;88.0
29/05/2009 0:00;89.0
30/05/2009 0:00;88.0
31/05/2009 0:00;87.0
1/06/2009 0:00;88.0
2/06/2009 0:00;84.0
3/06/2009 0:00;88.0
4/06/2009 0:00;89.0
5/06/2009 0:00;87.0
6/06/2009 0:00;91.0
7/06/2009 0:00;89.0
8/06/2009 0:00;88.0
9/06/2009 0:00;90.0
10/06/2009 0:00;89.0
11/06/2009 0:00;85.0
12/06/2009 0:00;89.0
13/06/2009 0:00;88.0
14/06/2009 0:00;84.0
15/06/2009 11:00;78.0
16/06/2009 0:00;85.0
17/06/2009 0:00;87.0
18/06/2009 0:00;91.0
19/06/2009 0:00;89.0
20/06/2009 0:00;86.0
21/06/2009 0:00;92.0
22/06/2009 0:00;94.0
23/06/2009 0:00;94.0
24/06/2009 0:00;100.0
25/06/2009 0:00;100.0
5/11/2009 0:00;79.0
6/11/2009 0:00;91.0
7/11/2009 2:00;92.0
8/11/2009 0:00;86.0
9/11/2009 1:00;80.0
10/11/2009 0:00;82.0
11/11/2009 0:00;81.0
12/11/2009 0:00;85.0
13/11/2009 0:00;85.0
14/11/2009 0:00;84.0
15/11/2009 0:00;87.0
16/11/2009 1:00;84.0
17/11/2009 0:00;82.0
18/11/2009 0:00;81.0
19/11/2009 0:00;84.0
20/11/2009 2:00;77.0
21/11/2009 7:00;82.0
22/11/2009 0:00;80.0
23/11/2009 0:00;72.0
24/11/2009 0:00;81.0
25/11/2009 7:00;83.0
26/11/2009 0:00;87.0
27/11/2009 9:00;77.0
28/11/2009 0:00;85.0
29/11/2009 9:00;74.0
23/12/2009 19:00;84.0
24/12/2009 0:00;86.0
25/12/2009 0:00;84.0
26/12/2009 0:00;84.0
27/12/2009 10:00;76.0
28/12/2009 0:00;86.0
29/12/2009 0:00;82.0
30/12/2009 0:00;84.0
31/12/2009 0:00;79.0
1/01/2010 0:00;82.0
2/01/2010 0:00;88.0
3/01/2010 0:00;85.0
4/01/2010 0:00;88.0
5/01/2010 0:00;90.0
6/01/2010 0:00;87.0
7/01/2010 0:00;87.0
8/01/2010 0:00;80.0
12/01/2010 9:00;76.0
13/01/2010 8:00;77.0
14/01/2010 0:00;84.0
15/01/2010 0:00;82.0
16/01/2010 0:00;75.0
17/01/2010 0:00;78.0
18/01/2010 0:00;71.0
19/01/2010 0:00;83.0
20/01/2010 0:00;80.0
21/01/2010 0:00;69.0
22/01/2010 0:00;81.0
23/01/2010 0:00;88.0
24/01/2010 9:00;78.0
25/01/2010 0:00;83.0
26/01/2010 0:00;80.0
27/01/2010 1:00;84.0
28/01/2010 0:00;74.0
29/01/2010 0:00;79.0
30/01/2010 0:00;77.0
31/01/2010 0:00;82.0
1/02/2010 0:00;83.0
2/02/2010 5:00;84.0
3/02/2010 0:00;79.0
4/02/2010 0:00;84.0
5/02/2010 0:00;84.0
6/02/2010 0:00;88.0
7/02/2010 0:00;89.0
8/02/2010 3:00;83.0
9/02/2010 0:00;85.0
10/02/2010 0:00;86.0
11/02/2010 0:00;86.0
12/02/2010 0:00;82.0
13/02/2010 0:00;88.0
14/02/2010 0:00;85.0
15/02/2010 0:00;86.0
16/02/2010 10:00;78.0
17/02/2010 0:00;81.0
18/02/2010 0:00;85.0
19/02/2010 0:00;84.0
20/02/2010 0:00;77.0
21/02/2010 0:00;85.0
22/02/2010 0:00;84.0
23/02/2010 0:00;88.0
24/02/2010 0:00;87.0
25/02/2010 0:00;84.0
26/02/2010 0:00;85.0
27/02/2010 0:00;81.0
28/02/2010 0:00;84.0
1/03/2010 16:00;75.0
2/03/2010 0:00;84.0
3/03/2010 0:00;86.0
4/03/2010 0:00;85.0
5/03/2010 0:00;81.0
6/03/2010 0:00;84.0
7/03/2010 0:00;85.0
8/03/2010 0:00;84.0
9/03/2010 0:00;85.0
10/03/2010 0:00;84.0
11/03/2010 0:00;87.0
12/03/2010 0:00;86.0
13/03/2010 0:00;89.0
14/03/2010 0:00;84.0
15/03/2010 0:00;84.0
16/03/2010 0:00;81.0
17/03/2010 0:00;81.0
18/03/2010 0:00;91.0
19/03/2010 0:00;84.0
20/03/2010 0:00;86.0
21/03/2010 0:00;86.0
22/03/2010 0:00;87.0
23/03/2010 0:00;65.0
24/03/2010 0:00;82.0
25/03/2010 0:00;81.0
26/03/2010 0:00;88.0
27/03/2010 0:00;85.0
28/03/2010 0:00;86.0
29/03/2010 0:00;88.0
30/03/2010 9:00;83.0
31/03/2010 0:00;84.0
1/04/2010 0:00;85.0
2/04/2010 0:00;82.0
3/04/2010 0:00;84.0
4/04/2010 0:00;83.0
5/04/2010 0:00;85.0
6/04/2010 0:00;85.0
7/04/2010 9:00;78.0
8/04/2010 0:00;86.0
9/04/2010 0:00;86.0
10/04/2010 0:00;88.0
11/04/2010 0:00;86.0
12/04/2010 0:00;85.0
13/04/2010 0:00;87.0
14/04/2010 0:00;88.0
15/04/2010 0:00;84.0
16/04/2010 0:00;86.0
17/04/2010 1:00;88.0
18/04/2010 0:00;89.0
19/04/2010 0:00;88.0
20/04/2010 5:00;92.0
21/04/2010 0:00;90.0
22/04/2010 0:00;89.0
23/04/2010 0:00;88.0
24/04/2010 0:00;87.0
25/04/2010 0:00;89.0
26/04/2010 0:00;89.0
27/04/2010 0:00;89.0
28/04/2010 0:00;88.0
29/04/2010 0:00;88.0
30/04/2010 0:00;87.0
1/05/2010 0:00;85.0
2/05/2010 0:00;85.0
3/05/2010 0:00;83.0
4/05/2010 0:00;83.0
5/05/2010 0:00;82.0
6/05/2010 5:00;89.0
7/05/2010 0:00;81.0
8/05/2010 0:00;86.0
9/05/2010 0:00;85.0
10/05/2010 0:00;87.0
11/05/2010 0:00;84.0
12/05/2010 0:00;83.0
13/05/2010 0:00;84.0
14/05/2010 0:00;87.0
15/05/2010 0:00;87.0
16/05/2010 0:00;80.0
17/05/2010 0:00;87.0
18/05/2010 0:00;87.0
19/05/2010 0:00;88.0
20/05/2010 0:00;86.0
21/05/2010 0:00;90.0
22/05/2010 11:00;73.0
23/05/2010 0:00;83.0
24/05/2010 0:00;87.0
25/05/2010 0:00;87.0
26/05/2010 0:00;88.0
27/05/2010 11:00;68.0
28/05/2010 12:00;60.0
29/05/2010 0:00;79.0
30/05/2010 0:00;82.0
31/05/2010 0:00;84.0
1/06/2010 0:00;83.0
2/06/2010 0:00;84.0
3/06/2010 12:00;80.0
4/06/2010 0:00;85.0
5/06/2010 0:00;86.0
6/06/2010 0:00;86.0
7/06/2010 0:00;88.0
8/06/2010 0:00;86.0
16/06/2010 13:00;78.0
17/06/2010 0:00;84.0
18/06/2010 0:00;86.0
19/06/2010 0:00;87.0
20/06/2010 0:00;89.0
21/06/2010 0:00;82.0
22/06/2010 0:00;90.0
23/06/2010 0:00;82.0
24/06/2010 0:00;83.0
25/06/2010 0:00;91.0
26/06/2010 0:00;87.0
27/06/2010 0:00;87.0
28/06/2010 13:00;67.0
29/06/2010 0:00;83.0
30/06/2010 1:00;76.0
1/07/2010 0:00;85.0
2/07/2010 0:00;89.0
3/07/2010 0:00;80.0
4/07/2010 0:00;85.0
5/07/2010 0:00;87.0
6/07/2010 0:00;91.0
7/07/2010 0:00;93.0
8/07/2010 12:00;76.0
9/07/2010 0:00;90.0
10/07/2010 0:00;82.0
11/07/2010 0:00;89.0
12/07/2010 0:00;90.0
13/07/2010 11:00;68.0
14/07/2010 0:00;82.0
15/07/2010 0:00;84.0
16/07/2010 0:00;94.0
17/07/2010 0:00;93.0
18/07/2010 0:00;85.0
19/07/2010 0:00;85.0
20/07/2010 0:00;84.0
21/07/2010 0:00;83.0
22/07/2010 0:00;89.0
23/07/2010 0:00;85.0
24/07/2010 0:00;87.0
25/07/2010 0:00;73.0
26/07/2010 0:00;82.0
27/07/2010 0:00;77.0
28/07/2010 0:00;85.0
29/07/2010 0:00;90.0
30/07/2010 0:00;84.0
31/07/2010 0:00;86.0
1/08/2010 0:00;92.0
2/08/2010 0:00;83.0
3/08/2010 0:00;80.0
4/08/2010 0:00;87.0
5/08/2010 0:00;78.0
6/08/2010 0:00;86.0
7/08/2010 0:00;85.0
8/08/2010 13:00;75.0
10/08/2010 21:00;73.0
11/08/2010 11:00;74.0
12/08/2010 9:00;76.0
13/08/2010 0:00;92.0
14/08/2010 0:00;88.0
15/08/2010 0:00;87.0
16/08/2010 0:00;90.0
17/08/2010 0:00;85.0
18/08/2010 0:00;90.0
19/08/2010 0:00;88.0
20/08/2010 0:00;74.0
21/08/2010 0:00;90.0
22/08/2010 0:00;84.0
23/08/2010 0:00;86.0
24/08/2010 0:00;85.0
25/08/2010 0:00;85.0
26/08/2010 0:00;90.0
27/08/2010 0:00;88.0
28/08/2010 0:00;83.0
29/08/2010 0:00;81.0
30/08/2010 0:00;86.0
31/08/2010 0:00;81.0
1/09/2010 0:00;92.0
2/09/2010 0:00;81.0
3/09/2010 0:00;82.0
4/09/2010 0:00;80.0
5/09/2010 0:00;85.0
6/09/2010 0:00;86.0
7/09/2010 0:00;88.0
8/09/2010 0:00;93.0
9/09/2010 0:00;86.0
10/09/2010 0:00;83.0
11/09/2010 0:00;92.0
12/09/2010 0:00;83.0
13/09/2010 0:00;89.0
15/09/2010 0:00;87.0
16/09/2010 0:00;87.0
17/09/2010 0:00;87.0
18/09/2010 0:00;96.0
19/09/2010 0:00;97.0
15/10/2010 0:00;88.0
12/04/2013 0:00;89.0
13/04/2013 0:00;88.0
14/04/2013 0:00;89.0
15/04/2013 9:00;79.0
16/04/2013 0:00;91.0
17/04/2013 0:00;89.0
18/04/2013 0:00;90.0
19/04/2013 0:00;83.0
20/04/2013 0:00;89.0
21/04/2013 0:00;88.0
22/04/2013 0:00;82.0
23/04/2013 0:00;81.0
24/04/2013 0:00;86.0
25/04/2013 0:00;86.0
26/04/2013 0:00;83.0
27/04/2013 0:00;83.0
28/04/2013 0:00;84.0
29/04/2013 0:00;89.0
30/04/2013 0:00;88.0
1/05/2013 0:00;89.0
2/05/2013 0:00;87.0
3/05/2013 6:00;89.0
4/05/2013 0:00;93.0
5/05/2013 0:00;84.0
6/05/2013 0:00;81.0
7/05/2013 0:00;77.0
8/05/2013 0:00;85.0
9/05/2013 9:00;80.0
10/05/2013 0:00;89.0
11/05/2013 0:00;88.0
12/05/2013 0:00;84.0
13/05/2013 0:00;88.0
14/05/2013 0:00;88.0
15/05/2013 0:00;88.0
16/05/2013 0:00;90.0
17/05/2013 0:00;90.0
18/05/2013 0:00;87.0
19/05/2013 0:00;89.0
20/05/2013 0:00;89.0
21/05/2013 0:00;89.0
22/05/2013 0:00;91.0
23/05/2013 0:00;90.0
24/05/2013 0:00;90.0
25/05/2013 0:00;87.0
26/05/2013 0:00;85.0
27/05/2013 0:00;87.0
28/05/2013 0:00;90.0
29/05/2013 0:00;89.0
30/05/2013 0:00;76.0
31/05/2013 7:00;88.0
1/06/2013 9:00;95.0
2/06/2013 0:00;92.0
3/06/2013 6:00;86.0
4/06/2013 0:00;91.0
5/06/2013 8:00;77.0
6/06/2013 0:00;85.0
7/06/2013 0:00;89.0
8/06/2013 0:00;86.0
9/06/2013 0:00;88.0
10/06/2013 0:00;75.0
11/06/2013 0:00;85.0
12/06/2013 0:00;91.0
13/06/2013 0:00;87.0
14/06/2013 0:00;89.0
15/06/2013 0:00;90.0
16/06/2013 0:00;90.0
17/06/2013 0:00;85.0
18/06/2013 0:00;74.0
19/06/2013 0:00;80.0
20/06/2013 0:00;90.0
21/06/2013 0:00;86.0
22/06/2013 0:00;83.0
23/06/2013 0:00;87.0
24/06/2013 0:00;84.0
25/06/2013 0:00;88.0
26/06/2013 0:00;90.0
27/06/2013 0:00;86.0
28/06/2013 0:00;79.0
29/06/2013 0:00;79.0
30/06/2013 0:00;85.0
1/07/2013 0:00;84.0
2/07/2013 7:00;94.0
3/07/2013 6:00;78.0
4/07/2013 0:00;83.0
5/07/2013 0:00;84.0
6/07/2013 0:00;85.0
7/07/2013 0:00;84.0
8/07/2013 0:00;87.0
9/07/2013 0:00;90.0
10/07/2013 0:00;87.0
11/07/2013 0:00;88.0
12/07/2013 0:00;87.0
13/07/2013 0:00;89.0
14/07/2013 0:00;80.0
15/07/2013 0:00;87.0
16/07/2013 0:00;89.0
17/07/2013 0:00;78.0
18/07/2013 0:00;83.0
19/07/2013 0:00;92.0
20/07/2013 0:00;93.0
21/07/2013 0:00;78.0
22/07/2013 0:00;83.0
23/07/2013 0:00;91.0
24/07/2013 0:00;87.0
25/07/2013 0:00;82.0
26/07/2013 0:00;89.0
27/07/2013 0:00;87.0
28/07/2013 0:00;89.0
29/07/2013 0:00;89.0
30/07/2013 0:00;89.0
31/07/2013 0:00;91.0
1/08/2013 0:00;90.0
2/08/2013 0:00;91.0
3/08/2013 0:00;85.0
4/08/2013 0:00;81.0
5/08/2013 0:00;89.0
6/08/2013 0:00;89.0
7/08/2013 0:00;86.0
8/08/2013 7:00;92.0
9/08/2013 7:00;82.0
10/08/2013 6:00;95.0
11/08/2013 7:00;87.0
12/08/2013 10:00;84.0
13/08/2013 0:00;89.0
14/08/2013 0:00;89.0
15/08/2013 0:00;89.0
16/08/2013 0:00;87.0
17/08/2013 0:00;88.0
18/08/2013 0:00;91.0
19/08/2013 0:00;87.0
20/08/2013 0:00;84.0
21/08/2013 0:00;89.0
22/08/2013 0:00;93.0
23/08/2013 0:00;90.0
24/08/2013 0:00;88.0
25/08/2013 0:00;95.0
26/08/2013 0:00;86.0
27/08/2013 0:00;91.0
28/08/2013 0:00;91.0
29/08/2013 0:00;89.0
30/08/2013 0:00;89.0
31/08/2013 0:00;86.0
1/09/2013 0:00;88.0
2/09/2013 0:00;85.0
3/09/2013 0:00;87.0
4/09/2013 0:00;96.0
5/09/2013 0:00;88.0
6/09/2013 0:00;88.0
7/09/2013 0:00;99.0
8/09/2013 0:00;90.0
9/09/2013 0:00;84.0
10/09/2013 0:00;93.0
11/09/2013 0:00;97.0
12/09/2013 0:00;99.0
13/09/2013 0:00;87.0
14/09/2013 0:00;85.0
15/09/2013 0:00;90.0
16/09/2013 0:00;95.0
17/09/2013 0:00;89.0
18/09/2013 0:00;93.0
19/09/2013 8:00;94.0
20/09/2013 0:00;92.0
21/09/2013 0:00;93.0
22/09/2013 0:00;91.0
23/09/2013 0:00;96.0
24/09/2013 0:00;94.0
25/09/2013 0:00;95.0
26/09/2013 0:00;94.0
27/09/2013 0:00;89.0
28/09/2013 0:00;88.0
29/09/2013 0:00;97.0
30/09/2013 0:00;90.0
1/10/2013 0:00;87.0
2/10/2013 0:00;94.0
3/10/2013 0:00;87.0
4/10/2013 0:00;93.0
5/10/2013 0:00;91.0
6/10/2013 0:00;91.0
7/10/2013 0:00;90.0
8/10/2013 0:00;92.0
9/10/2013 0:00;86.0
10/10/2013 0:00;94.0
11/10/2013 0:00;90.0
12/10/2013 0:00;91.0
13/10/2013 0:00;96.0
14/10/2013 0:00;95.0
15/10/2013 0:00;100.0
16/10/2013 0:00;89.0
17/10/2013 0:00;88.0
18/10/2013 0:00;86.0
19/10/2013 0:00;87.0
20/10/2013 0:00;90.0
21/10/2013 0:00;92.0
22/10/2013 0:00;97.0
23/10/2013 0:00;93.0
24/10/2013 0:00;90.0
25/10/2013 0:00;92.0
26/10/2013 0:00;95.0
27/10/2013 0:00;96.0
28/10/2013 0:00;95.0
29/10/2013 0:00;87.0
30/10/2013 0:00;88.0
31/10/2013 0:00;90.0
1/11/2013 0:00;94.0
2/11/2013 0:00;85.0
3/11/2013 0:00;95.0
4/11/2013 0:00;92.0
5/11/2013 0:00;94.0
6/11/2013 0:00;89.0
7/11/2013 0:00;87.0
8/11/2013 0:00;99.0
9/11/2013 0:00;92.0
10/11/2013 0:00;90.0
11/11/2013 0:00;75.0
12/11/2013 0:00;82.0
13/11/2013 0:00;86.0
14/11/2013 0:00;89.0
15/11/2013 0:00;91.0
16/11/2013 0:00;93.0
17/11/2013 7:00;86.0
18/11/2013 7:00;83.0
21/11/2013 7:00;97.0
22/11/2013 11:00;78.0
23/11/2013 12:00;75.0
24/11/2013 9:00;80.0
26/11/2013 9:00;78.0
27/11/2013 9:00;84.0
29/11/2013 9:00;77.0
30/11/2013 8:00;73.0
1/12/2013 9:00;74.0
2/12/2013 12:00;74.0
3/12/2013 7:00;93.0
4/12/2013 7:00;98.0
5/12/2013 7:00;84.0
6/12/2013 7:00;85.0
7/12/2013 8:00;83.0
8/12/2013 10:00;76.0
9/12/2013 7:00;95.0
10/12/2013 7:00;98.0
11/12/2013 7:00;88.0
12/12/2013 7:00;89.0
13/12/2013 7:00;88.0
14/12/2013 8:00;86.0
15/12/2013 7:00;91.0
16/12/2013 7:00;90.0
17/12/2013 7:00;86.0
18/12/2013 7:00;86.0
19/12/2013 7:00;85.0
20/12/2013 7:00;73.0
21/12/2013 7:00;82.0
22/12/2013 7:00;83.0
23/12/2013 7:00;86.0
24/12/2013 7:00;87.0
25/12/2013 7:00;86.0
26/12/2013 7:00;88.0
27/12/2013 7:00;98.0
28/12/2013 7:00;88.0
29/12/2013 7:00;87.0
30/12/2013 7:00;88.0
31/12/2013 7:00;88.0
1/01/2014 7:00;81.0
2/01/2014 7:00;89.0
3/01/2014 0:00;83.0
4/01/2014 0:00;89.0
5/01/2014 7:00;88.0
6/01/2014 0:00;88.0
7/01/2014 0:00;91.0
8/01/2014 0:00;94.0
9/01/2014 0:00;85.0
10/01/2014 0:00;74.0
11/01/2014 0:00;87.0
12/01/2014 0:00;79.0
13/01/2014 0:00;86.0
14/01/2014 0:00;86.0
15/01/2014 0:00;90.0
16/01/2014 0:00;89.0
17/01/2014 0:00;91.0
18/01/2014 0:00;89.0
19/01/2014 0:00;92.0
20/01/2014 0:00;85.0
21/01/2014 0:00;86.0
22/01/2014 0:00;83.0
23/01/2014 0:00;89.0
24/01/2014 0:00;93.0
25/01/2014 0:00;90.0
26/01/2014 0:00;89.0
27/01/2014 0:00;92.0
28/01/2014 0:00;90.0
29/01/2014 0:00;78.0
30/01/2014 0:00;77.0
31/01/2014 0:00;74.0
1/02/2014 0:00;76.0
2/02/2014 0:00;82.0
3/02/2014 0:00;95.0
4/02/2014 0:00;95.0
5/02/2014 0:00;90.0
6/02/2014 0:00;88.0
7/02/2014 0:00;94.0
8/02/2014 0:00;93.0
9/02/2014 0:00;90.0
10/02/2014 0:00;94.0
11/02/2014 0:00;85.0
12/02/2014 0:00;81.0
13/02/2014 0:00;80.0
14/02/2014 0:00;94.0
15/02/2014 0:00;93.0
16/02/2014 0:00;92.0
17/02/2014 0:00;93.0
18/02/2014 0:00;91.0
19/02/2014 0:00;89.0
20/02/2014 0:00;93.0
21/02/2014 0:00;90.0
22/02/2014 0:00;90.0
23/02/2014 0:00;90.0
24/02/2014 0:00;93.0
25/02/2014 7:00;92.0
26/02/2014 0:00;93.0
27/02/2014 0:00;94.0
28/02/2014 0:00;93.0
1/03/2014 7:00;88.0
2/03/2014 0:00;89.0
3/03/2014 0:00;91.0
4/03/2014 0:00;91.0
5/03/2014 5:00;90.0
6/03/2014 0:00;93.0
7/03/2014 0:00;94.0
8/03/2014 0:00;93.0
9/03/2014 0:00;86.0
10/03/2014 0:00;88.0
11/03/2014 0:00;87.0
12/03/2014 0:00;90.0
13/03/2014 0:00;91.0
14/03/2014 0:00;91.0
15/03/2014 0:00;93.0
16/03/2014 0:00;89.0
17/03/2014 0:00;92.0
18/03/2014 0:00;95.0
19/03/2014 0:00;96.0
20/03/2014 0:00;94.0
21/03/2014 0:00;94.0
22/03/2014 0:00;94.0
23/03/2014 0:00;94.0
24/03/2014 0:00;93.0
25/03/2014 0:00;95.0
26/03/2014 0:00;93.0
27/03/2014 0:00;91.0
28/03/2014 0:00;89.0
29/03/2014 0:00;79.0
30/03/2014 0:00;93.0
31/03/2014 0:00;93.0
1/04/2014 0:00;91.0
2/04/2014 0:00;94.0
3/04/2014 0:00;96.0
4/04/2014 0:00;95.0
5/04/2014 0:00;94.0
6/04/2014 0:00;94.0
7/04/2014 0:00;95.0
8/04/2014 0:00;96.0
9/04/2014 0:00;94.0
10/04/2014 0:00;91.0
11/04/2014 0:00;92.0
12/04/2014 0:00;74.0
13/04/2014 0:00;93.0
14/04/2014 0:00;95.0
15/04/2014 0:00;94.0
16/04/2014 0:00;93.0
17/04/2014 0:00;95.0
18/04/2014 0:00;95.0
19/04/2014 0:00;96.0
20/04/2014 0:00;94.0
21/04/2014 0:00;94.0
22/04/2014 0:00;96.0
23/04/2014 0:00;96.0
24/04/2014 0:00;95.0
25/04/2014 0:00;95.0
26/04/2014 0:00;95.0
27/04/2014 0:00;96.0
28/04/2014 0:00;93.0
29/04/2014 0:00;93.0
30/04/2014 0:00;94.0
1/05/2014 0:00;95.0
2/05/2014 0:00;92.0
3/05/2014 0:00;91.0
4/05/2014 0:00;92.0
5/05/2014 8:00;90.0
6/05/2014 6:00;94.0
7/05/2014 6:00;98.0
8/05/2014 8:00;94.0
9/05/2014 6:00;87.0
10/05/2014 7:00;93.0
11/05/2014 0:00;90.0
12/05/2014 0:00;86.0
13/05/2014 0:00;93.0
14/05/2014 0:00;94.0
15/05/2014 2:00;94.0
16/05/2014 1:00;98.0
17/05/2014 0:00;93.0
18/05/2014 0:00;91.0
19/05/2014 0:00;95.0
20/05/2014 2:00;98.0
21/05/2014 0:00;95.0
22/05/2014 0:00;92.0
23/05/2014 0:00;94.0
24/05/2014 0:00;95.0
25/05/2014 0:00;91.0
26/05/2014 0:00;94.0
27/05/2014 0:00;94.0
28/05/2014 0:00;97.0
29/05/2014 0:00;96.0
30/05/2014 3:00;96.0
31/05/2014 0:00;95.0
1/06/2014 3:00;94.0
2/06/2014 0:00;96.0
3/06/2014 0:00;92.0
4/06/2014 0:00;93.0
5/06/2014 1:00;96.0
6/06/2014 0:00;93.0
7/06/2014 8:00;82.0
8/06/2014 1:00;97.0
9/06/2014 0:00;95.0
10/06/2014 0:00;93.0
11/06/2014 0:00;93.0
12/06/2014 0:00;95.0
13/06/2014 0:00;90.0
14/06/2014 0:00;93.0
15/06/2014 6:00;97.0
16/06/2014 1:00;95.0
17/06/2014 9:00;85.0
18/06/2014 9:00;84.0
19/06/2014 10:00;86.0
20/06/2014 6:00;96.0
21/06/2014 8:00;95.0
22/06/2014 9:00;89.0
23/06/2014 8:00;88.0
24/06/2014 0:00;93.0
25/06/2014 8:00;87.0
26/06/2014 8:00;96.0
27/06/2014 6:00;92.0
28/06/2014 9:00;86.0
29/06/2014 8:00;88.0
30/06/2014 6:00;94.0
1/07/2014 13:00;93.0
2/07/2014 12:00;79.0
3/07/2014 5:00;87.0
4/07/2014 0:00;94.0
5/07/2014 10:00;79.0
6/07/2014 10:00;83.0
7/07/2014 9:00;83.0
8/07/2014 7:00;90.0
9/07/2014 12:00;78.0
10/07/2014 12:00;82.0
11/07/2014 8:00;88.0
12/07/2014 13:00;81.0
13/07/2014 10:00;85.0
14/07/2014 6:00;94.0
15/07/2014 9:00;88.0
16/07/2014 9:00;93.0
17/07/2014 0:00;97.0
18/07/2014 6:00;94.0
19/07/2014 0:00;88.0
20/07/2014 0:00;91.0
21/07/2014 8:00;93.0
22/07/2014 11:00;80.0
23/07/2014 17:00;87.0
24/07/2014 16:00;88.0
25/07/2014 9:00;87.0
26/07/2014 10:00;81.0
27/07/2014 9:00;87.0
28/07/2014 6:00;92.0
29/07/2014 10:00;79.0
30/07/2014 7:00;96.0
31/07/2014 7:00;95.0
1/08/2014 4:00;96.0
2/08/2014 7:00;97.0
3/08/2014 2:00;96.0
4/08/2014 1:00;96.0
5/08/2014 0:00;93.0
6/08/2014 7:00;91.0
7/08/2014 7:00;99.0
8/08/2014 7:00;97.0
9/08/2014 6:00;98.0
10/08/2014 7:00;98.0
11/08/2014 6:00;100.0
12/08/2014 6:00;96.0
13/08/2014 0:00;84.0
14/08/2014 1:00;91.0
15/08/2014 0:00;94.0
16/08/2014 0:00;94.0
17/08/2014 0:00;10.0
18/08/2014 0:00;10.0
19/08/2014 0:00;10.0
20/08/2014 0:00;10.0
21/08/2014 0:00;10.0
22/08/2014 0:00;10.0
23/08/2014 0:00;10.0
24/08/2014 0:00;10.0
25/08/2014 0:00;10.0
26/08/2014 6:00;99.0
27/08/2014 0:00;92.0
1/03/2015 0:00;77.0
2/03/2015 0:00;77.0
3/03/2015 0:00;84.0
4/03/2015 0:00;82.0
5/03/2015 0:00;86.0
6/03/2015 0:00;80.0
7/03/2015 0:00;72.0
8/03/2015 0:00;84.0
9/03/2015 0:00;82.0
10/03/2015 0:00;75.0
11/03/2015 0:00;78.0
12/03/2015 0:00;75.0
13/03/2015 0:00;78.0
16/03/2015 12:00;76.0
17/03/2015 0:00;85.0
18/03/2015 0:00;83.0
19/03/2015 0:00;83.0
20/03/2015 0:00;86.0
21/03/2015 0:00;81.0
22/03/2015 0:00;81.0
23/03/2015 0:00;85.0
24/03/2015 0:00;85.0
25/03/2015 0:00;83.0
26/03/2015 0:00;83.0
27/03/2015 0:00;87.0
28/03/2015 0:00;88.0
29/03/2015 0:00;88.0
30/03/2015 0:00;85.0
31/03/2015 0:00;83.0
1/04/2015 0:00;84.0
2/04/2015 0:00;86.0
3/04/2015 0:00;85.0
4/04/2015 0:00;88.0
5/04/2015 0:00;85.0
6/04/2015 0:00;84.0
7/04/2015 0:00;86.0
8/04/2015 0:00;81.0
9/04/2015 0:00;85.0
10/04/2015 0:00;80.0
11/04/2015 0:00;86.0
12/04/2015 0:00;89.0
13/04/2015 0:00;88.0
14/04/2015 0:00;89.0
15/04/2015 0:00;87.0
16/04/2015 0:00;89.0
17/04/2015 0:00;86.0
18/04/2015 0:00;88.0
19/04/2015 0:00;89.0
20/04/2015 0:00;74.0
21/04/2015 0:00;83.0
22/04/2015 0:00;89.0
23/04/2015 0:00;86.0
24/04/2015 0:00;87.0
25/04/2015 0:00;89.0
26/04/2015 0:00;90.0
27/04/2015 0:00;92.0
28/04/2015 0:00;91.0
29/04/2015 0:00;91.0
30/04/2015 0:00;90.0
1/05/2015 0:00;83.0
2/05/2015 0:00;86.0
3/05/2015 0:00;84.0
4/05/2015 0:00;87.0
5/05/2015 0:00;88.0
6/05/2015 0:00;77.0
7/05/2015 0:00;88.0
8/05/2015 0:00;89.0
9/05/2015 0:00;88.0
10/05/2015 0:00;79.0
11/05/2015 0:00;74.0
12/05/2015 0:00;73.0
13/05/2015 0:00;78.0
14/05/2015 0:00;72.0
15/05/2015 0:00;75.0
16/05/2015 0:00;86.0
17/05/2015 0:00;87.0
18/05/2015 0:00;87.0
19/05/2015 0:00;88.0
20/05/2015 0:00;90.0
21/05/2015 0:00;91.0
22/05/2015 11:00;81.0
23/05/2015 0:00;90.0
24/05/2015 0:00;84.0
25/05/2015 0:00;82.0
26/05/2015 0:00;87.0
27/05/2015 0:00;87.0
28/05/2015 0:00;85.0
29/05/2015 0:00;88.0
30/05/2015 0:00;95.0
31/05/2015 0:00;91.0
1/06/2015 0:00;90.0
2/06/2015 0:00;92.0
3/06/2015 0:00;90.0
4/06/2015 0:00;92.0
5/06/2015 0:00;93.0
6/06/2015 0:00;91.0
7/06/2015 0:00;88.0
8/06/2015 0:00;93.0
9/06/2015 0:00;93.0
10/06/2015 0:00;85.0
11/06/2015 0:00;89.0
12/06/2015 0:00;88.0
13/06/2015 0:00;86.0
14/06/2015 0:00;85.0
15/06/2015 0:00;80.0
16/06/2015 0:00;77.0
17/06/2015 0:00;88.0
18/06/2015 0:00;83.0
19/06/2015 0:00;79.0
20/06/2015 0:00;85.0
21/06/2015 0:00;85.0
22/06/2015 0:00;84.0
23/06/2015 0:00;91.0
24/06/2015 0:00;80.0
25/06/2015 0:00;81.0
26/06/2015 0:00;79.0
27/06/2015 0:00;79.0
28/06/2015 0:00;86.0
29/06/2015 0:00;81.0
30/06/2015 0:00;80.0
1/07/2015 0:00;77.0
2/07/2015 0:00;78.0
3/07/2015 0:00;78.0
4/07/2015 0:00;81.0
5/07/2015 0:00;81.0
6/07/2015 0:00;79.0
7/07/2015 0:00;86.0
8/07/2015 0:00;89.0
9/07/2015 0:00;86.0
10/07/2015 0:00;86.0
11/07/2015 0:00;85.0
12/07/2015 0:00;85.0
13/07/2015 0:00;90.0
14/07/2015 0:00;87.0
15/07/2015 0:00;87.0
16/07/2015 0:00;87.0
17/07/2015 0:00;88.0
18/07/2015 0:00;88.0
19/07/2015 0:00;92.0
20/07/2015 0:00;84.0
21/07/2015 0:00;86.0
22/07/2015 0:00;88.0
23/07/2015 0:00;88.0
24/07/2015 0:00;91.0
25/07/2015 0:00;83.0
26/07/2015 0:00;86.0
27/07/2015 0:00;81.0
28/07/2015 0:00;79.0
29/07/2015 0:00;78.0
30/07/2015 0:00;85.0
31/07/2015 0:00;89.0
1/08/2015 0:00;92.0
2/08/2015 0:00;87.0
3/08/2015 0:00;85.0
4/08/2015 0:00;81.0
5/08/2015 0:00;78.0
6/08/2015 0:00;84.0
7/08/2015 0:00;90.0
8/08/2015 0:00;80.0
9/08/2015 0:00;91.0
10/08/2015 0:00;89.0
11/08/2015 0:00;87.0
12/08/2015 0:00;85.0
13/08/2015 0:00;87.0
14/08/2015 0:00;89.0
18/05/2016 11:00;12.0
25/05/2016 11:00;9.0
28/05/2016 18:00;12.0
29/05/2016 0:00;15.0
30/05/2016 0:00;90.0
31/05/2016 0:00;91.0
1/06/2016 0:00;97.0
2/06/2016 0:00;88.0
3/06/2016 0:00;88.0
4/06/2016 0:00;96.0
5/06/2016 0:00;92.0
6/06/2016 0:00;91.0
7/06/2016 0:00;90.0
8/06/2016 0:00;91.0
9/06/2016 0:00;94.0
10/06/2016 0:00;90.0
11/06/2016 8:00;77.0
12/06/2016 0:00;92.0
13/06/2016 0:00;91.0
14/06/2016 0:00;95.0
15/06/2016 0:00;98.0
16/06/2016 0:00;92.0
17/06/2016 0:00;85.0
18/06/2016 0:00;92.0
19/06/2016 0:00;86.0
20/06/2016 0:00;90.0
21/06/2016 0:00;94.0
22/06/2016 0:00;91.0
23/06/2016 0:00;91.0
24/06/2016 0:00;90.0
25/06/2016 0:00;90.0
26/06/2016 0:00;94.0
27/06/2016 0:00;88.0
28/06/2016 0:00;88.0
29/06/2016 0:00;93.0
30/06/2016 0:00;90.0
1/07/2016 0:00;88.0
2/07/2016 0:00;94.0
3/07/2016 0:00;92.0
4/07/2016 0:00;83.0
5/07/2016 0:00;90.0
6/07/2016 0:00;93.0
7/07/2016 0:00;84.0
8/07/2016 0:00;90.0
9/07/2016 0:00;92.0
10/07/2016 0:00;93.0
11/07/2016 0:00;91.0
12/07/2016 0:00;94.0
13/07/2016 0:00;89.0
14/07/2016 0:00;90.0
15/07/2016 0:00;94.0
16/07/2016 0:00;91.0
17/07/2016 0:00;85.0
18/07/2016 0:00;91.0
19/07/2016 0:00;87.0
20/07/2016 0:00;87.0
21/07/2016 0:00;88.0
22/07/2016 0:00;88.0
23/07/2016 0:00;91.0
24/07/2016 0:00;84.0
25/07/2016 9:00;83.0
26/07/2016 0:00;91.0
27/07/2016 0:00;89.0
28/07/2016 0:00;76.0
29/07/2016 0:00;79.0
30/07/2016 0:00;91.0
31/07/2016 0:00;91.0
1/08/2016 0:00;86.0
2/08/2016 0:00;91.0
3/08/2016 0:00;89.0
4/08/2016 0:00;94.0
5/08/2016 0:00;92.0
6/08/2016 0:00;87.0
7/08/2016 0:00;87.0
8/08/2016 0:00;90.0
9/08/2016 0:00;80.0
10/08/2016 0:00;89.0
11/08/2016 0:00;91.0
12/08/2016 0:00;93.0
13/08/2016 0:00;91.0
14/08/2016 0:00;89.0
15/08/2016 0:00;91.0
16/08/2016 0:00;90.0
17/08/2016 0:00;77.0
18/08/2016 0:00;88.0
19/08/2016 0:00;94.0
20/08/2016 0:00;91.0
21/08/2016 0:00;91.0
22/08/2016 0:00;83.0
23/08/2016 0:00;91.0
24/08/2016 0:00;87.0
25/08/2016 0:00;91.0
26/08/2016 0:00;91.0
28/08/2016 12:00;58.0
29/08/2016 0:00;89.0
30/08/2016 0:00;94.0
31/08/2016 0:00;85.0
1/09/2016 0:00;93.0
2/09/2016 0:00;93.0
3/09/2016 0:00;88.0
4/09/2016 0:00;85.0
5/09/2016 0:00;88.0
6/09/2016 9:00;81.0
7/09/2016 0:00;89.0
8/09/2016 0:00;88.0
9/09/2016 0:00;86.0
10/09/2016 0:00;90.0
11/09/2016 0:00;93.0
12/09/2016 0:00;91.0
13/09/2016 0:00;95.0
14/09/2016 0:00;86.0
15/09/2016 0:00;88.0
16/09/2016 0:00;94.0
17/09/2016 0:00;91.0
18/09/2016 0:00;88.0
19/09/2016 0:00;89.0
20/09/2016 0:00;91.0
21/09/2016 0:00;90.0
22/09/2016 0:00;93.0
23/09/2016 0:00;91.0
24/09/2016 0:00;89.0
25/09/2016 0:00;91.0
26/09/2016 0:00;87.0
27/09/2016 0:00;89.0
28/09/2016 0:00;89.0
29/09/2016 0:00;88.0
30/09/2016 0:00;86.0
1/10/2016 0:00;90.0
2/10/2016 0:00;97.0
3/10/2016 0:00;95.0
4/10/2016 0:00;89.0
5/10/2016 0:00;96.0
6/10/2016 0:00;91.0
7/10/2016 0:00;88.0
8/10/2016 0:00;90.0
9/10/2016 0:00;87.0
10/10/2016 0:00;90.0
11/10/2016 0:00;93.0
12/10/2016 0:00;87.0
13/10/2016 0:00;99.0
14/10/2016 0:00;86.0
15/10/2016 0:00;88.0
16/10/2016 0:00;92.0
17/10/2016 0:00;95.0
18/10/2016 0:00;96.0
19/10/2016 0:00;100.0
20/10/2016 0:00;94.0
21/10/2016 0:00;89.0
22/10/2016 0:00;90.0
23/10/2016 0:00;88.0
24/10/2016 0:00;85.0
25/10/2016 0:00;84.0
26/10/2016 0:00;96.0
27/10/2016 0:00;98.0
28/10/2016 0:00;96.0
29/10/2016 0:00;90.0
30/10/2016 0:00;96.0
31/10/2016 0:00;94.0
1/11/2016 0:00;92.0
2/11/2016 0:00;91.0
3/11/2016 0:00;99.0
4/11/2016 0:00;86.0
5/11/2016 0:00;86.0
6/11/2016 0:00;94.0
7/11/2016 0:00;96.0
8/11/2016 0:00;92.0
9/11/2016 0:00;94.0
10/11/2016 0:00;82.0
11/11/2016 0:00;89.0
12/11/2016 0:00;99.0
13/11/2016 0:00;99.0
14/11/2016 0:00;94.0
15/11/2016 0:00;93.0
16/11/2016 0:00;92.0
17/11/2016 0:00;94.0
18/11/2016 0:00;93.0
19/11/2016 0:00;97.0
20/11/2016 0:00;98.0
21/11/2016 0:00;96.0
22/11/2016 0:00;96.0
23/11/2016 0:00;87.0
24/11/2016 0:00;88.0
25/11/2016 0:00;90.0
26/11/2016 0:00;84.0
27/11/2016 0:00;97.0
28/11/2016 0:00;97.0
29/11/2016 0:00;93.0
30/11/2016 0:00;88.0
1/12/2016 0:00;86.0
2/12/2016 0:00;88.0
3/12/2016 0:00;97.0
4/12/2016 0:00;98.0
5/12/2016 0:00;88.0
6/12/2016 0:00;83.0
7/12/2016 0:00;78.0
8/12/2016 0:00;82.0
9/12/2016 0:00;84.0
10/12/2016 0:00;89.0
11/12/2016 0:00;82.0
12/12/2016 0:00;81.0
13/12/2016 0:00;83.0
14/12/2016 0:00;85.0
15/12/2016 0:00;75.0
16/12/2016 0:00;84.0
17/12/2016 0:00;80.0
18/12/2016 0:00;79.0
19/12/2016 0:00;71.0
20/12/2016 0:00;82.0
21/12/2016 0:00;85.0
22/12/2016 0:00;93.0
23/12/2016 0:00;92.0
24/12/2016 0:00;91.0
25/12/2016 0:00;91.0
26/12/2016 0:00;88.0
27/12/2016 0:00;77.0
28/12/2016 0:00;81.0
29/12/2016 0:00;87.0
30/12/2016 0:00;90.0
31/12/2016 0:00;92.0
1/01/2017 0:00;90.0
2/01/2017 0:00;83.0
3/01/2017 0:00;86.0
4/01/2017 0:00;88.0
5/01/2017 0:00;93.0
6/01/2017 0:00;93.0
7/01/2017 0:00;90.0
8/01/2017 0:00;92.0
9/01/2017 0:00;93.0
10/01/2017 0:00;90.0
11/01/2017 0:00;84.0
12/01/2017 0:00;86.0
13/01/2017 0:00;90.0
14/01/2017 0:00;85.0
15/01/2017 0:00;91.0
16/01/2017 0:00;94.0
17/01/2017 0:00;76.0
18/01/2017 0:00;94.0
19/01/2017 0:00;92.0
20/01/2017 0:00;97.0
21/01/2017 0:00;96.0
22/01/2017 0:00;100.0
23/01/2017 0:00;100.0
24/01/2017 0:00;100.0
25/01/2017 0:00;100.0
26/01/2017 0:00;100.0
27/01/2017 0:00;100.0
28/01/2017 0:00;100.0
29/01/2017 0:00;100.0
30/01/2017 0:00;100.0
31/01/2017 0:00;100.0
1/02/2017 0:00;100.0
2/02/2017 0:00;100.0
3/02/2017 0:00;100.0
4/02/2017 0:00;100.0
5/02/2017 0:00;100.0
6/02/2017 0:00;100.0
7/02/2017 0:00;100.0
8/02/2017 0:00;100.0
9/02/2017 0:00;100.0
10/02/2017 0:00;100.0
11/02/2017 0:00;100.0
12/02/2017 0:00;100.0
13/02/2017 0:00;100.0
14/02/2017 0:00;100.0
15/02/2017 0:00;100.0
16/02/2017 0:00;100.0
17/02/2017 0:00;100.0
18/02/2017 0:00;100.0
19/02/2017 0:00;100.0
20/02/2017 0:00;100.0
21/02/2017 0:00;100.0
22/02/2017 0:00;100.0
23/02/2017 0:00;100.0
24/02/2017 0:00;100.0
25/02/2017 0:00;100.0
26/02/2017 0:00;100.0
27/02/2017 0:00;100.0
28/02/2017 0:00;100.0
1/03/2017 0:00;100.0
2/03/2017 0:00;100.0
3/03/2017 0:00;100.0
4/03/2017 0:00;100.0
5/03/2017 0:00;100.0
6/03/2017 0:00;100.0
7/03/2017 0:00;100.0
8/03/2017 0:00;100.0
9/03/2017 0:00;100.0
10/03/2017 0:00;100.0
11/03/2017 0:00;100.0
12/03/2017 0:00;100.0
13/03/2017 0:00;100.0
14/03/2017 0:00;100.0
15/03/2017 0:00;100.0
16/03/2017 0:00;100.0
17/03/2017 0:00;100.0
18/03/2017 11:00;100.0
19/03/2017 0:00;100.0
20/03/2017 0:00;100.0
21/03/2017 0:00;100.0
22/03/2017 0:00;100.0
23/03/2017 0:00;100.0
24/03/2017 0:00;100.0
25/03/2017 0:00;100.0
26/03/2017 0:00;100.0
27/03/2017 0:00;100.0
28/03/2017 0:00;100.0
29/03/2017 0:00;100.0
30/03/2017 0:00;100.0
31/03/2017 0:00;100.0
1/04/2017 0:00;100.0
2/04/2017 0:00;100.0
3/04/2017 0:00;100.0
4/04/2017 0:00;100.0
5/04/2017 0:00;100.0
6/04/2017 0:00;100.0
7/04/2017 0:00;100.0
8/04/2017 0:00;100.0
9/04/2017 0:00;100.0
10/04/2017 0:00;100.0
11/04/2017 0:00;100.0
12/04/2017 0:00;100.0
13/04/2017 0:00;100.0
14/04/2017 0:00;100.0
15/04/2017 0:00;100.0
16/04/2017 0:00;100.0
17/04/2017 0:00;100.0
18/04/2017 0:00;100.0
19/04/2017 0:00;100.0
20/04/2017 0:00;100.0
21/04/2017 0:00;100.0
22/04/2017 0:00;100.0
23/04/2017 0:00;100.0
24/04/2017 0:00;100.0
25/04/2017 0:00;100.0
26/04/2017 0:00;100.0
27/04/2017 0:00;100.0
28/04/2017 0:00;100.0
29/04/2017 0:00;100.0
30/04/2017 0:00;100.0
1/05/2017 0:00;100.0
2/05/2017 0:00;100.0
3/05/2017 0:00;100.0
4/05/2017 0:00;100.0
5/05/2017 0:00;100.0
6/05/2017 0:00;100.0
7/05/2017 0:00;100.0
8/05/2017 0:00;100.0
9/05/2017 0:00;100.0
10/05/2017 0:00;100.0
11/05/2017 0:00;100.0
12/05/2017 0:00;100.0
13/05/2017 0:00;100.0
14/05/2017 0:00;100.0
15/05/2017 0:00;100.0
16/05/2017 0:00;100.0
17/05/2017 0:00;100.0
18/05/2017 0:00;100.0
19/05/2017 0:00;100.0
20/05/2017 0:00;100.0
21/05/2017 0:00;100.0
22/05/2017 0:00;100.0
23/05/2017 0:00;100.0
24/05/2017 0:00;92.0
25/05/2017 0:00;90.0
26/05/2017 0:00;86.0
27/05/2017 0:00;91.0
28/05/2017 0:00;87.0
29/05/2017 0:00;87.0
30/05/2017 0:00;92.0
31/05/2017 0:00;87.0
1/06/2017 0:00;89.0
2/06/2017 0:00;91.0
3/06/2017 0:00;91.0
4/06/2017 0:00;90.0
5/06/2017 0:00;87.0
6/06/2017 0:00;93.0
7/06/2017 0:00;90.0
8/06/2017 0:00;90.0
9/06/2017 0:00;91.0
10/06/2017 0:00;87.0
11/06/2017 0:00;90.0
12/06/2017 0:00;88.0
13/06/2017 0:00;89.0
14/06/2017 0:00;91.0
15/06/2017 0:00;91.0
16/06/2017 0:00;89.0
17/06/2017 0:00;89.0
18/06/2017 0:00;86.0
19/06/2017 0:00;93.0
20/06/2017 0:00;89.0
21/06/2017 0:00;80.0
22/06/2017 0:00;90.0
23/06/2017 0:00;88.0
24/06/2017 0:00;87.0
25/06/2017 0:00;88.0
26/06/2017 0:00;91.0
27/06/2017 0:00;89.0
28/06/2017 0:00;89.0
29/06/2017 0:00;84.0
30/06/2017 0:00;89.0
1/07/2017 0:00;89.0
2/07/2017 0:00;86.0
3/07/2017 0:00;91.0
4/07/2017 0:00;91.0
5/07/2017 0:00;87.0
6/07/2017 0:00;86.0
7/07/2017 0:00;89.0
8/07/2017 0:00;89.0
9/07/2017 0:00;91.0
10/07/2017 0:00;90.0
11/07/2017 0:00;94.0
12/07/2017 0:00;93.0
13/07/2017 0:00;88.0
14/07/2017 0:00;89.0
15/07/2017 0:00;89.0
16/07/2017 0:00;93.0
17/07/2017 0:00;88.0
18/07/2017 0:00;88.0
19/07/2017 0:00;88.0
20/07/2017 0:00;87.0
21/07/2017 0:00;91.0
22/07/2017 0:00;85.0
23/07/2017 0:00;89.0
24/07/2017 0:00;89.0
25/07/2017 0:00;86.0
26/07/2017 0:00;91.0
27/07/2017 0:00;89.0
28/07/2017 0:00;92.0
29/07/2017 0:00;90.0
30/07/2017 0:00;89.0
31/07/2017 0:00;91.0
1/08/2017 0:00;91.0
2/08/2017 0:00;85.0
3/08/2017 0:00;84.0
4/08/2017 0:00;86.0
5/08/2017 0:00;93.0
6/08/2017 0:00;89.0
7/08/2017 0:00;90.0
8/08/2017 0:00;89.0
9/08/2017 0:00;91.0
10/08/2017 0:00;92.0
11/08/2017 0:00;93.0
12/08/2017 0:00;94.0
13/08/2017 0:00;92.0
14/08/2017 0:00;87.0
15/08/2017 0:00;89.0
16/08/2017 0:00;88.0
17/08/2017 0:00;88.0
18/08/2017 0:00;89.0
19/08/2017 0:00;87.0
20/08/2017 0:00;92.0
21/08/2017 0:00;95.0
22/08/2017 0:00;93.0
23/08/2017 0:00;87.0
24/08/2017 0:00;92.0
25/08/2017 0:00;93.0
26/08/2017 0:00;90.0
27/08/2017 0:00;86.0
28/08/2017 0:00;89.0
29/08/2017 0:00;93.0
30/08/2017 0:00;84.0
31/08/2017 0:00;85.0
1/09/2017 0:00;89.0
2/09/2017 0:00;88.0
3/09/2017 0:00;86.0
4/09/2017 0:00;93.0
5/09/2017 0:00;87.0
6/09/2017 0:00;85.0
7/09/2017 0:00;86.0
8/09/2017 0:00;92.0
9/09/2017 0:00;91.0
10/09/2017 0:00;93.0
11/09/2017 0:00;93.0
12/09/2017 0:00;87.0
13/09/2017 0:00;86.0
14/09/2017 0:00;90.0
15/09/2017 0:00;94.0
16/09/2017 0:00;87.0
17/09/2017 0:00;92.0
18/09/2017 0:00;93.0
19/09/2017 0:00;91.0
20/09/2017 0:00;84.0
21/09/2017 0:00;79.0
22/09/2017 0:00;90.0
23/09/2017 0:00;89.0
24/09/2017 0:00;97.0
25/09/2017 0:00;91.0
26/09/2017 0:00;95.0
27/09/2017 0:00;85.0
28/09/2017 0:00;91.0
29/09/2017 0:00;82.0
30/09/2017 0:00;92.0
1/10/2017 0:00;95.0
2/10/2017 0:00;95.0
3/10/2017 0:00;92.0
4/10/2017 0:00;96.0
5/10/2017 0:00;89.0
6/10/2017 0:00;87.0
7/10/2017 0:00;91.0
8/10/2017 0:00;88.0
9/10/2017 0:00;82.0
10/10/2017 0:00;89.0
11/10/2017 0:00;89.0
12/10/2017 0:00;88.0
13/10/2017 0:00;86.0
14/10/2017 0:00;86.0
15/10/2017 0:00;88.0
16/10/2017 0:00;92.0
17/10/2017 0:00;92.0
18/10/2017 0:00;91.0
19/10/2017 0:00;91.0
20/10/2017 0:00;90.0
21/10/2017 0:00;91.0
22/10/2017 0:00;93.0
23/10/2017 0:00;92.0
24/10/2017 0:00;87.0
25/10/2017 1:00;90.0
26/10/2017 14:00;71.0
27/10/2017 0:00;84.0
28/10/2017 0:00;94.0
29/10/2017 0:00;91.0
30/10/2017 0:00;88.0
31/10/2017 0:00;83.0
1/11/2017 0:00;84.0
2/11/2017 0:00;84.0
3/11/2017 0:00;83.0
4/11/2017 0:00;85.0
5/11/2017 0:00;96.0
6/11/2017 0:00;93.0
7/11/2017 0:00;86.0
8/11/2017 0:00;91.0
9/11/2017 0:00;93.0
10/11/2017 0:00;85.0
11/11/2017 0:00;92.0
12/11/2017 0:00;88.0
13/11/2017 0:00;88.0
14/11/2017 0:00;90.0
15/11/2017 0:00;91.0
16/11/2017 0:00;85.0
17/11/2017 0:00;92.0
18/11/2017 0:00;94.0
19/11/2017 0:00;88.0
20/11/2017 0:00;89.0
21/11/2017 0:00;86.0
22/11/2017 0:00;91.0
23/11/2017 0:00;96.0
24/11/2017 0:00;87.0
25/11/2017 0:00;85.0
26/11/2017 0:00;90.0
27/11/2017 0:00;84.0
28/11/2017 0:00;95.0
29/11/2017 0:00;88.0
30/11/2017 0:00;86.0
1/12/2017 0:00;85.0
2/12/2017 0:00;79.0
3/12/2017 0:00;83.0
4/12/2017 0:00;85.0
5/12/2017 0:00;85.0
6/12/2017 0:00;84.0
7/12/2017 0:00;89.0
8/12/2017 0:00;93.0
9/12/2017 0:00;93.0
10/12/2017 0:00;93.0
11/12/2017 0:00;89.0
12/12/2017 0:00;81.0
13/12/2017 0:00;86.0
14/12/2017 0:00;82.0
15/12/2017 0:00;89.0
16/12/2017 0:00;75.0
17/12/2017 0:00;76.0
18/12/2017 0:00;75.0
19/12/2017 0:00;80.0
20/12/2017 0:00;75.0
21/12/2017 0:00;79.0
22/12/2017 0:00;73.0
23/12/2017 0:00;84.0
25/12/2017 21:00;85.0
26/12/2017 0:00;85.0
27/12/2017 0:00;87.0
28/12/2017 0:00;85.0
29/12/2017 0:00;90.0
30/12/2017 0:00;92.0
31/12/2017 0:00;89.0
1/01/2018 0:00;89.0
2/01/2018 0:00;91.0
3/01/2018 0:00;91.0
4/01/2018 0:00;92.0
5/01/2018 0:00;92.0
6/01/2018 0:00;89.0
7/01/2018 0:00;87.0
8/01/2018 0:00;87.0
9/01/2018 0:00;89.0
10/01/2018 0:00;86.0
11/01/2018 0:00;88.0
12/01/2018 0:00;90.0
13/01/2018 0:00;88.0
14/01/2018 0:00;87.0
15/01/2018 0:00;85.0
16/01/2018 0:00;88.0
17/01/2018 0:00;91.0
18/01/2018 0:00;88.0
19/01/2018 0:00;88.0
20/01/2018 0:00;87.0
21/01/2018 0:00;80.0
22/01/2018 0:00;83.0
23/01/2018 0:00;82.0
24/01/2018 0:00;85.0
25/01/2018 0:00;77.0
26/01/2018 0:00;87.0
27/01/2018 0:00;79.0
28/01/2018 0:00;79.0
29/01/2018 0:00;79.0
30/01/2018 0:00;84.0
31/01/2018 0:00;89.0
1/02/2018 0:00;87.0
2/02/2018 0:00;87.0
3/02/2018 0:00;82.0
4/02/2018 0:00;86.0
5/02/2018 0:00;88.0
6/02/2018 0:00;87.0
7/02/2018 0:00;77.0
8/02/2018 0:00;83.0
9/02/2018 0:00;77.0
10/02/2018 0:00;84.0
11/02/2018 0:00;84.0
12/02/2018 0:00;81.0
13/02/2018 0:00;83.0
14/02/2018 0:00;76.0
15/02/2018 0:00;86.0
16/02/2018 0:00;82.0
17/02/2018 0:00;84.0
18/02/2018 0:00;82.0
19/02/2018 0:00;79.0
20/02/2018 0:00;77.0
21/02/2018 0:00;82.0
22/02/2018 0:00;80.0
23/02/2018 0:00;83.0
24/02/2018 0:00;87.0
25/02/2018 0:00;88.0
26/02/2018 0:00;85.0
27/02/2018 0:00;83.0
28/02/2018 0:00;85.0
1/03/2018 0:00;88.0
2/03/2018 0:00;85.0
3/03/2018 0:00;87.0
4/03/2018 0:00;88.0
5/03/2018 0:00;81.0
6/03/2018 0:00;82.0
7/03/2018 0:00;86.0
8/03/2018 0:00;83.0
9/03/2018 0:00;89.0
10/03/2018 0:00;85.0
11/03/2018 0:00;84.0
12/03/2018 0:00;87.0
13/03/2018 3:00;89.0
14/03/2018 0:00;86.0
15/03/2018 0:00;86.0
16/03/2018 0:00;89.0
17/03/2018 0:00;87.0
18/03/2018 0:00;86.0
19/03/2018 0:00;87.0
20/03/2018 0:00;86.0
21/03/2018 0:00;86.0
22/03/2018 0:00;88.0
23/03/2018 0:00;89.0
24/03/2018 0:00;90.0
25/03/2018 0:00;85.0
26/03/2018 0:00;88.0
27/03/2018 0:00;89.0
28/03/2018 0:00;88.0
29/03/2018 5:00;87.0
30/03/2018 0:00;88.0
31/03/2018 0:00;87.0
1/04/2018 0:00;84.0
2/04/2018 0:00;86.0
3/04/2018 0:00;89.0
4/04/2018 0:00;85.0
5/04/2018 0:00;87.0
6/04/2018 0:00;87.0
7/04/2018 0:00;87.0
8/04/2018 0:00;84.0
9/04/2018 0:00;87.0
10/04/2018 0:00;88.0
11/04/2018 0:00;88.0
12/04/2018 0:00;88.0
13/04/2018 0:00;86.0
14/04/2018 0:00;89.0
15/04/2018 0:00;88.0
16/04/2018 0:00;89.0
17/04/2018 0:00;89.0
18/04/2018 0:00;90.0
19/04/2018 0:00;87.0
20/04/2018 0:00;88.0
21/04/2018 0:00;90.0
22/04/2018 0:00;90.0
23/04/2018 0:00;90.0
24/04/2018 0:00;89.0
25/04/2018 0:00;90.0
26/04/2018 0:00;88.0
27/04/2018 0:00;89.0
28/04/2018 0:00;88.0
29/04/2018 0:00;94.0
30/04/2018 0:00;88.0
1/05/2018 0:00;88.0
2/05/2018 0:00;89.0
3/05/2018 0:00;90.0
4/05/2018 0:00;83.0
5/05/2018 0:00;92.0
6/05/2018 0:00;92.0
7/05/2018 0:00;89.0
8/05/2018 0:00;94.0
9/05/2018 0:00;90.0
10/05/2018 0:00;89.0
11/05/2018 0:00;88.0
12/05/2018 0:00;88.0
13/05/2018 0:00;88.0
14/05/2018 0:00;89.0
15/05/2018 0:00;95.0
16/05/2018 0:00;91.0
17/05/2018 0:00;90.0
18/05/2018 0:00;90.0
19/05/2018 0:00;91.0
20/05/2018 0:00;89.0
21/05/2018 0:00;90.0
22/05/2018 0:00;94.0
23/05/2018 0:00;93.0
24/05/2018 0:00;91.0
25/05/2018 0:00;92.0
26/05/2018 0:00;90.0
27/05/2018 0:00;95.0
28/05/2018 0:00;89.0
29/05/2018 0:00;95.0
30/05/2018 0:00;90.0
31/05/2018 0:00;89.0
1/06/2018 0:00;91.0
2/06/2018 0:00;93.0
3/06/2018 0:00;93.0
4/06/2018 0:00;90.0
5/06/2018 0:00;90.0
6/06/2018 0:00;91.0
7/06/2018 0:00;90.0
8/06/2018 0:00;87.0
9/06/2018 0:00;80.0
10/06/2018 0:00;90.0
11/06/2018 0:00;92.0
12/06/2018 0:00;93.0
13/06/2018 0:00;90.0
14/06/2018 0:00;88.0
15/06/2018 0:00;88.0
16/06/2018 0:00;90.0
17/06/2018 0:00;90.0
18/06/2018 0:00;91.0
20/06/2018 0:00;94.0
21/06/2018 0:00;90.0
22/06/2018 0:00;87.0
23/06/2018 0:00;89.0
24/06/2018 0:00;73.0
25/06/2018 0:00;88.0
26/06/2018 0:00;91.0
27/06/2018 0:00;89.0
28/06/2018 0:00;88.0
29/06/2018 0:00;87.0
30/06/2018 0:00;90.0
1/07/2018 0:00;87.0
2/07/2018 0:00;92.0
3/07/2018 0:00;94.0
4/07/2018 0:00;90.0
5/07/2018 0:00;89.0
6/07/2018 0:00;85.0
7/07/2018 0:00;86.0
8/07/2018 0:00;90.0
9/07/2018 0:00;90.0
10/07/2018 0:00;89.0
11/07/2018 0:00;91.0
12/07/2018 0:00;89.0
13/07/2018 0:00;86.0
14/07/2018 0:00;87.0
15/07/2018 0:00;88.0
16/07/2018 0:00;89.0
17/07/2018 0:00;91.0
18/07/2018 0:00;86.0
19/07/2018 0:00;87.0
20/07/2018 0:00;91.0
22/07/2018 0:00;84.0
23/07/2018 0:00;88.0
24/07/2018 0:00;91.0
25/07/2018 0:00;90.0
26/07/2018 0:00;90.0
27/07/2018 0:00;90.0
28/07/2018 0:00;91.0
29/07/2018 0:00;87.0
30/07/2018 0:00;90.0
31/07/2018 0:00;88.0
1/08/2018 0:00;93.0
2/08/2018 0:00;90.0
3/08/2018 0:00;88.0
4/08/2018 0:00;89.0
5/08/2018 0:00;86.0
6/08/2018 0:00;88.0
7/08/2018 0:00;89.0
8/08/2018 0:00;88.0
9/08/2018 0:00;86.0
10/08/2018 0:00;90.0
11/08/2018 0:00;91.0
12/08/2018 0:00;90.0
13/08/2018 0:00;83.0
14/08/2018 0:00;86.0
15/08/2018 0:00;87.0
16/08/2018 0:00;88.0
17/08/2018 0:00;86.0
18/08/2018 0:00;89.0
19/08/2018 0:00;90.0
20/08/2018 0:00;87.0
21/08/2018 0:00;90.0
22/08/2018 0:00;88.0
23/08/2018 0:00;89.0
24/08/2018 0:00;96.0
25/08/2018 0:00;90.0
26/08/2018 0:00;89.0
27/08/2018 0:00;90.0
28/08/2018 0:00;91.0
29/08/2018 0:00;89.0
30/08/2018 0:00;87.0
31/08/2018 0:00;90.0
1/09/2018 0:00;91.0
2/09/2018 0:00;89.0
3/09/2018 0:00;90.0
4/09/2018 0:00;87.0
5/09/2018 0:00;93.0
6/09/2018 0:00;93.0
7/09/2018 0:00;94.0
8/09/2018 0:00;92.0
9/09/2018 0:00;89.0
10/09/2018 0:00;93.0
11/09/2018 0:00;86.0
12/09/2018 0:00;88.0
13/09/2018 0:00;88.0
14/09/2018 0:00;84.0
15/09/2018 0:00;92.0
16/09/2018 0:00;89.0
17/09/2018 0:00;89.0
18/09/2018 0:00;93.0
19/09/2018 0:00;89.0
20/09/2018 0:00;89.0
21/09/2018 0:00;91.0
22/09/2018 0:00;89.0
23/09/2018 0:00;89.0
24/09/2018 0:00;89.0
25/09/2018 0:00;89.0
26/09/2018 0:00;89.0
27/09/2018 0:00;91.0
28/09/2018 0:00;90.0
29/09/2018 0:00;88.0
30/09/2018 0:00;85.0
1/10/2018 0:00;92.0
2/10/2018 0:00;93.0
3/10/2018 0:00;95.0
4/10/2018 0:00;81.0
5/10/2018 0:00;94.0
6/10/2018 0:00;89.0
7/10/2018 0:00;92.0
8/10/2018 0:00;93.0
9/10/2018 0:00;95.0
10/10/2018 0:00;87.0
11/10/2018 0:00;91.0
12/10/2018 0:00;93.0
13/10/2018 0:00;94.0
14/10/2018 0:00;92.0
15/10/2018 0:00;85.0
16/10/2018 0:00;85.0
17/10/2018 0:00;93.0
18/10/2018 0:00;88.0
19/10/2018 0:00;89.0
20/10/2018 0:00;88.0
21/10/2018 0:00;83.0
22/10/2018 0:00;97.0
23/10/2018 0:00;85.0
24/10/2018 0:00;89.0
25/10/2018 0:00;91.0
26/10/2018 0:00;86.0
27/10/2018 0:00;89.0
28/10/2018 0:00;91.0
29/10/2018 0:00;89.0
30/10/2018 0:00;84.0
31/10/2018 0:00;88.0
1/11/2018 0:00;90.0
2/11/2018 0:00;92.0
3/11/2018 0:00;87.0
4/11/2018 0:00;93.0
5/11/2018 0:00;87.0
6/11/2018 0:00;85.0
7/11/2018 0:00;84.0
8/11/2018 0:00;89.0
9/11/2018 0:00;89.0
10/11/2018 0:00;90.0
11/11/2018 0:00;88.0
12/11/2018 0:00;89.0
13/11/2018 0:00;90.0
14/11/2018 0:00;93.0
15/11/2018 0:00;92.0
16/11/2018 0:00;83.0
17/11/2018 0:00;87.0
18/11/2018 0:00;90.0
19/11/2018 0:00;87.0
20/11/2018 0:00;91.0
21/11/2018 0:00;91.0
22/11/2018 0:00;91.0
23/11/2018 0:00;90.0
24/11/2018 0:00;88.0
25/11/2018 0:00;91.0
26/11/2018 0:00;86.0
27/11/2018 0:00;89.0
28/11/2018 0:00;90.0
29/11/2018 0:00;87.0
30/11/2018 0:00;84.0
1/12/2018 0:00;82.0
2/12/2018 0:00;78.0
3/12/2018 0:00;79.0
4/12/2018 0:00;80.0
5/12/2018 0:00;86.0
6/12/2018 0:00;84.0
7/12/2018 0:00;76.0
8/12/2018 0:00;80.0
9/12/2018 0:00;87.0
10/12/2018 0:00;79.0
11/12/2018 0:00;81.0
12/12/2018 0:00;90.0
13/12/2018 0:00;90.0
14/12/2018 0:00;83.0
15/12/2018 0:00;77.0
16/12/2018 0:00;75.0
17/12/2018 0:00;78.0
18/12/2018 0:00;90.0
19/12/2018 0:00;88.0
20/12/2018 0:00;91.0
21/12/2018 0:00;91.0
22/12/2018 0:00;88.0
23/12/2018 0:00;87.0
24/12/2018 0:00;70.0
25/12/2018 0:00;81.0
26/12/2018 0:00;81.0
27/12/2018 0:00;76.0
28/12/2018 0:00;81.0
29/12/2018 0:00;78.0
30/12/2018 0:00;68.0
31/12/2018 0:00;81.0
1/01/2019 0:00;80.0
2/01/2019 0:00;82.0
3/01/2019 0:00;81.0
4/01/2019 0:00;85.0
5/01/2019 0:00;84.0
6/01/2019 0:00;88.0
7/01/2019 0:00;89.0
8/01/2019 0:00;90.0
9/01/2019 0:00;89.0
10/01/2019 0:00;88.0
11/01/2019 0:00;83.0
12/01/2019 0:00;85.0
13/01/2019 0:00;87.0
14/01/2019 0:00;85.0
15/01/2019 0:00;75.0
16/01/2019 0:00;84.0
17/01/2019 0:00;89.0
18/01/2019 0:00;89.0
19/01/2019 0:00;91.0
20/01/2019 0:00;88.0
21/01/2019 0:00;90.0
22/01/2019 0:00;90.0
23/01/2019 0:00;85.0
24/01/2019 0:00;79.0
25/01/2019 0:00;82.0
26/01/2019 0:00;86.0
27/01/2019 0:00;88.0
28/01/2019 0:00;90.0
29/01/2019 0:00;87.0
30/01/2019 0:00;85.0
31/01/2019 0:00;81.0
1/02/2019 0:00;86.0
2/02/2019 0:00;88.0
3/02/2019 0:00;87.0
4/02/2019 0:00;87.0
5/02/2019 0:00;89.0
6/02/2019 0:00;85.0
7/02/2019 0:00;88.0
8/02/2019 0:00;88.0
9/02/2019 0:00;87.0
10/02/2019 0:00;86.0
11/02/2019 0:00;83.0
12/02/2019 0:00;78.0
13/02/2019 0:00;88.0
14/02/2019 0:00;89.0
15/02/2019 0:00;91.0
16/02/2019 0:00;90.0
17/02/2019 0:00;89.0
18/02/2019 0:00;89.0
19/02/2019 0:00;86.0
20/02/2019 0:00;86.0
21/02/2019 0:00;88.0
22/02/2019 0:00;86.0
23/02/2019 0:00;79.0
24/02/2019 0:00;76.0
25/02/2019 0:00;85.0
26/02/2019 0:00;84.0
27/02/2019 0:00;75.0
28/02/2019 0:00;89.0
1/03/2019 0:00;88.0
2/03/2019 0:00;88.0
3/03/2019 0:00;88.0
4/03/2019 0:00;87.0
5/03/2019 0:00;88.0
6/03/2019 0:00;87.0
7/03/2019 0:00;87.0
8/03/2019 0:00;87.0
9/03/2019 0:00;88.0
10/03/2019 0:00;88.0
11/03/2019 0:00;88.0
12/03/2019 0:00;89.0
13/03/2019 0:00;87.0
14/03/2019 0:00;90.0
15/03/2019 0:00;91.0
16/03/2019 0:00;89.0
17/03/2019 0:00;89.0
18/03/2019 0:00;90.0
19/03/2019 0:00;89.0
20/03/2019 0:00;87.0
21/03/2019 0:00;88.0
22/03/2019 0:00;88.0
23/03/2019 0:00;87.0
24/03/2019 0:00;88.0
25/03/2019 0:00;88.0
26/03/2019 0:00;89.0
27/03/2019 0:00;88.0
28/03/2019 0:00;85.0
29/03/2019 0:00;87.0
30/03/2019 0:00;87.0
31/03/2019 0:00;90.0
1/04/2019 0:00;89.0
2/04/2019 0:00;88.0
3/04/2019 0:00;87.0
4/04/2019 0:00;85.0
5/04/2019 0:00;87.0
6/04/2019 0:00;87.0
7/04/2019 0:00;87.0
8/04/2019 0:00;88.0
9/04/2019 0:00;87.0
10/04/2019 0:00;87.0
11/04/2019 0:00;88.0
12/04/2019 0:00;88.0
13/04/2019 0:00;86.0
14/04/2019 0:00;89.0
15/04/2019 0:00;89.0
16/04/2019 0:00;89.0
17/04/2019 0:00;87.0
18/04/2019 0:00;88.0
19/04/2019 0:00;88.0
20/04/2019 0:00;89.0
21/04/2019 0:00;89.0
22/04/2019 0:00;88.0
23/04/2019 0:00;85.0
24/04/2019 0:00;87.0
25/04/2019 0:00;89.0
26/04/2019 0:00;89.0
27/04/2019 0:00;90.0
28/04/2019 0:00;90.0
29/04/2019 0:00;89.0
30/04/2019 0:00;88.0
1/05/2019 0:00;88.0
2/05/2019 0:00;84.0
3/05/2019 0:00;82.0
4/05/2019 0:00;88.0
5/05/2019 0:00;88.0
6/05/2019 0:00;88.0
7/05/2019 0:00;88.0
8/05/2019 0:00;89.0
9/05/2019 0:00;90.0
10/05/2019 0:00;90.0
11/05/2019 0:00;92.0
12/05/2019 0:00;92.0
13/05/2019 0:00;89.0
14/05/2019 0:00;90.0
15/05/2019 0:00;90.0
16/05/2019 0:00;91.0
17/05/2019 0:00;87.0
18/05/2019 0:00;88.0
19/05/2019 0:00;89.0
20/05/2019 0:00;94.0
21/05/2019 0:00;91.0
22/05/2019 0:00;90.0
23/05/2019 0:00;88.0
24/05/2019 0:00;93.0
25/05/2019 0:00;89.0
26/05/2019 0:00;92.0
27/05/2019 0:00;91.0
28/05/2019 0:00;91.0
29/05/2019 0:00;89.0
30/05/2019 0:00;92.0
31/05/2019 0:00;92.0
1/06/2019 0:00;91.0
2/06/2019 0:00;92.0
3/06/2019 0:00;89.0
4/06/2019 0:00;90.0
5/06/2019 0:00;93.0
6/06/2019 0:00;93.0
7/06/2019 0:00;92.0
8/06/2019 0:00;96.0
9/06/2019 0:00;90.0
10/06/2019 0:00;91.0
11/06/2019 0:00;93.0
12/06/2019 0:00;94.0
13/06/2019 0:00;91.0
14/06/2019 0:00;90.0
15/06/2019 0:00;91.0
16/06/2019 0:00;92.0
17/06/2019 0:00;92.0
18/06/2019 0:00;85.0
19/06/2019 0:00;87.0
20/06/2019 0:00;88.0
21/06/2019 0:00;86.0
22/06/2019 0:00;85.0
23/06/2019 0:00;83.0
24/06/2019 0:00;92.0
25/06/2019 0:00;94.0
26/06/2019 0:00;85.0
27/06/2019 0:00;76.0
28/06/2019 0:00;80.0
29/06/2019 0:00;79.0
30/06/2019 0:00;76.0
1/07/2019 0:00;82.0
2/07/2019 0:00;74.0
3/07/2019 0:00;85.0
4/07/2019 0:00;81.0
5/07/2019 0:00;83.0
6/07/2019 0:00;87.0
7/07/2019 0:00;81.0
8/07/2019 0:00;88.0
9/07/2019 0:00;83.0
10/07/2019 0:00;87.0
11/07/2019 0:00;87.0
12/07/2019 0:00;85.0
13/07/2019 0:00;85.0
14/07/2019 0:00;84.0
15/07/2019 0:00;83.0
16/07/2019 0:00;83.0
17/07/2019 0:00;83.0
18/07/2019 0:00;83.0
19/07/2019 0:00;87.0
20/07/2019 0:00;84.0
21/07/2019 0:00;74.0
22/07/2019 0:00;80.0
23/07/2019 0:00;87.0
24/07/2019 0:00;87.0
25/07/2019 0:00;89.0
26/07/2019 0:00;81.0
27/07/2019 0:00;88.0
28/07/2019 0:00;81.0
29/07/2019 0:00;85.0
30/07/2019 0:00;84.0
31/07/2019 0:00;89.0
1/08/2019 0:00;89.0
2/08/2019 0:00;88.0
3/08/2019 0:00;85.0
4/08/2019 0:00;89.0
5/08/2019 0:00;86.0
6/08/2019 0:00;84.0
7/08/2019 0:00;93.0
8/08/2019 0:00;87.0
9/08/2019 0:00;86.0
10/08/2019 0:00;89.0
11/08/2019 0:00;74.0
12/08/2019 0:00;87.0
13/08/2019 0:00;88.0
14/08/2019 0:00;89.0
15/08/2019 0:00;92.0
16/08/2019 0:00;94.0
17/08/2019 0:00;83.0
18/08/2019 0:00;85.0
19/08/2019 0:00;86.0
20/08/2019 0:00;89.0
21/08/2019 0:00;87.0
22/08/2019 0:00;86.0
23/08/2019 0:00;85.0
24/08/2019 0:00;89.0
25/08/2019 0:00;82.0
26/08/2019 0:00;88.0
27/08/2019 0:00;84.0
28/08/2019 0:00;84.0
29/08/2019 0:00;89.0
30/08/2019 0:00;92.0
31/08/2019 0:00;88.0
1/09/2019 0:00;88.0
2/09/2019 0:00;87.0
3/09/2019 0:00;97.0
4/09/2019 0:00;90.0
5/09/2019 0:00;91.0
6/09/2019 0:00;86.0
7/09/2019 0:00;89.0
8/09/2019 0:00;89.0
9/09/2019 0:00;87.0
10/09/2019 0:00;90.0
11/09/2019 0:00;89.0
12/09/2019 0:00;87.0
13/09/2019 0:00;90.0
14/09/2019 0:00;88.0
18/09/2019 0:00;95.0
19/09/2019 0:00;92.0
20/09/2019 0:00;94.0
21/09/2019 0:00;93.0
22/09/2019 0:00;95.0
23/09/2019 0:00;91.0
24/09/2019 0:00;96.0
25/09/2019 0:00;99.0
26/09/2019 0:00;97.0
27/09/2019 0:00;92.0
28/09/2019 0:00;94.0
29/09/2019 0:00;84.0
30/09/2019 0:00;87.0
1/10/2019 0:00;99.0
2/10/2019 0:00;94.0
3/10/2019 0:00;89.0
4/10/2019 0:00;98.0
5/10/2019 0:00;93.0
6/10/2019 0:00;93.0
7/10/2019 0:00;88.0
8/10/2019 0:00;90.0
9/10/2019 0:00;93.0
10/10/2019 0:00;95.0
11/10/2019 0:00;94.0
12/10/2019 0:00;90.0
13/10/2019 0:00;88.0
14/10/2019 0:00;98.0
15/10/2019 0:00;89.0
16/10/2019 0:00;90.0
17/10/2019 0:00;91.0
18/10/2019 0:00;93.0
19/10/2019 0:00;97.0
20/10/2019 0:00;96.0
21/10/2019 0:00;97.0
22/10/2019 0:00;97.0
23/10/2019 0:00;90.0
24/10/2019 0:00;87.0
25/10/2019 0:00;100.0
26/10/2019 0:00;100.0
27/10/2019 0:00;97.0
28/10/2019 0:00;92.0
29/10/2019 0:00;90.0
30/10/2019 0:00;87.0
31/10/2019 0:00;92.0
1/11/2019 0:00;91.0
2/11/2019 0:00;92.0
3/11/2019 0:00;90.0
4/11/2019 0:00;88.0
5/11/2019 0:00;92.0
6/11/2019 0:00;94.0
7/11/2019 0:00;90.0
8/11/2019 0:00;88.0
9/11/2019 0:00;96.0
10/11/2019 0:00;96.0
11/11/2019 0:00;94.0
12/11/2019 0:00;94.0
13/11/2019 0:00;94.0
14/11/2019 0:00;100.0
15/11/2019 0:00;89.0
16/11/2019 0:00;94.0
17/11/2019 0:00;87.0
18/11/2019 0:00;86.0
19/11/2019 0:00;86.0
20/11/2019 0:00;88.0
21/11/2019 0:00;87.0
22/11/2019 0:00;90.0
23/11/2019 0:00;89.0
24/11/2019 0:00;90.0
25/11/2019 0:00;87.0
26/11/2019 0:00;96.0
27/11/2019 0:00;91.0
28/11/2019 0:00;89.0
29/11/2019 0:00;91.0
30/11/2019 0:00;95.0
1/12/2019 0:00;88.0
2/12/2019 0:00;95.0
3/12/2019 0:00;98.0
4/12/2019 0:00;98.0
5/12/2019 0:00;93.0
6/12/2019 0:00;95.0
7/12/2019 0:00;93.0
8/12/2019 0:00;90.0
9/12/2019 0:00;92.0
10/12/2019 0:00;86.0
11/12/2019 0:00;77.0
12/12/2019 0:00;89.0
13/12/2019 0:00;91.0
14/12/2019 0:00;94.0
15/12/2019 0:00;95.0
16/12/2019 0:00;94.0
17/12/2019 0:00;83.0
18/12/2019 0:00;99.0
19/12/2019 0:00;96.0
20/12/2019 0:00;94.0
21/12/2019 0:00;86.0
22/12/2019 0:00;90.0
23/12/2019 0:00;97.0
24/12/2019 0:00;98.0
25/12/2019 0:00;97.0
26/12/2019 0:00;94.0
27/12/2019 0:00;94.0
28/12/2019 0:00;97.0
29/12/2019 0:00;94.0
30/12/2019 0:00;85.0
31/12/2019 0:00;94.0
1/01/2020 0:00;94.0
2/01/2020 0:00;93.0
3/01/2020 0:00;86.0
4/01/2020 0:00;82.0
5/01/2020 0:00;92.0
6/01/2020 0:00;89.0
7/01/2020 0:00;87.0
8/01/2020 0:00;92.0
9/01/2020 0:00;85.0
10/01/2020 0:00;79.0
11/01/2020 0:00;84.0
12/01/2020 0:00;81.0
13/01/2020 0:00;78.0
14/01/2020 0:00;79.0
15/01/2020 0:00;90.0
16/01/2020 0:00;90.0
17/01/2020 0:00;89.0
18/01/2020 0:00;91.0
19/01/2020 0:00;87.0
20/01/2020 0:00;90.0
21/01/2020 0:00;97.0
22/01/2020 0:00;99.0
23/01/2020 0:00;94.0
24/01/2020 0:00;93.0
25/01/2020 0:00;88.0
26/01/2020 0:00;88.0
27/01/2020 0:00;89.0
28/01/2020 0:00;91.0
29/01/2020 0:00;91.0
30/01/2020 0:00;82.0
31/01/2020 0:00;86.0
1/02/2020 0:00;95.0
2/02/2020 0:00;94.0
3/02/2020 0:00;95.0
4/02/2020 0:00;80.0
5/02/2020 0:00;78.0
6/02/2020 0:00;85.0
7/02/2020 0:00;93.0
8/02/2020 0:00;77.0
9/02/2020 0:00;89.0
10/02/2020 0:00;85.0
11/02/2020 0:00;78.0
12/02/2020 0:00;88.0
13/02/2020 0:00;92.0
14/02/2020 0:00;94.0
15/02/2020 0:00;93.0
16/02/2020 0:00;94.0
17/02/2020 0:00;89.0
18/02/2020 0:00;89.0
19/02/2020 0:00;85.0
20/02/2020 0:00;95.0
21/02/2020 0:00;94.0
22/02/2020 0:00;97.0
23/02/2020 0:00;93.0
24/02/2020 0:00;91.0
25/02/2020 0:00;93.0
26/02/2020 0:00;96.0
27/02/2020 0:00;94.0
28/02/2020 0:00;93.0
29/02/2020 0:00;94.0
1/03/2020 0:00;90.0
2/03/2020 0:00;94.0
3/03/2020 0:00;91.0
4/03/2020 0:00;95.0
5/03/2020 0:00;82.0
6/03/2020 0:00;92.0
7/03/2020 0:00;95.0
8/03/2020 0:00;84.0
9/03/2020 0:00;92.0
10/03/2020 0:00;85.0
11/03/2020 0:00;96.0
12/03/2020 0:00;95.0
13/03/2020 0:00;93.0
14/03/2020 0:00;91.0
15/03/2020 0:00;88.0
16/03/2020 0:00;90.0
17/03/2020 0:00;90.0
18/03/2020 0:00;86.0
19/03/2020 0:00;92.0
20/03/2020 0:00;95.0
21/03/2020 0:00;95.0
22/03/2020 0:00;90.0
23/03/2020 0:00;93.0
24/03/2020 0:00;96.0
25/03/2020 0:00;94.0
26/03/2020 0:00;94.0
27/03/2020 0:00;93.0
28/03/2020 0:00;92.0
29/03/2020 0:00;92.0
30/03/2020 0:00;90.0
31/03/2020 0:00;95.0
1/04/2020 0:00;91.0
2/04/2020 0:00;97.0
3/04/2020 0:00;90.0
4/04/2020 0:00;95.0
5/04/2020 0:00;98.0
6/04/2020 0:00;99.0
7/04/2020 0:00;99.0
8/04/2020 0:00;99.0
9/04/2020 0:00;97.0
10/04/2020 0:00;98.0
11/04/2020 0:00;96.0
12/04/2020 0:00;96.0
13/04/2020 0:00;95.0
14/04/2020 0:00;96.0
15/04/2020 0:00;95.0
16/04/2020 0:00;94.0
17/04/2020 0:00;93.0
18/04/2020 0:00;96.0
19/04/2020 0:00;96.0
20/04/2020 0:00;96.0
21/04/2020 0:00;95.0
22/04/2020 0:00;93.0
23/04/2020 0:00;95.0
24/04/2020 0:00;97.0
25/04/2020 0:00;98.0
26/04/2020 0:00;94.0
27/04/2020 0:00;95.0
28/04/2020 0:00;96.0
29/04/2020 0:00;94.0
30/04/2020 0:00;95.0
1/05/2020 0:00;95.0
2/05/2020 0:00;97.0
3/05/2020 0:00;98.0
4/05/2020 0:00;98.0
5/05/2020 0:00;99.0
6/05/2020 0:00;98.0
7/05/2020 0:00;99.0
8/05/2020 0:00;99.0
9/05/2020 0:00;98.0
10/05/2020 0:00;99.0
11/05/2020 0:00;98.0
12/05/2020 0:00;98.0
13/05/2020 0:00;96.0
14/05/2020 0:00;98.0
15/05/2020 0:00;97.0
16/05/2020 0:00;98.0
17/05/2020 0:00;99.0
18/05/2020 0:00;100.0
19/05/2020 0:00;95.0
20/05/2020 0:00;100.0
21/05/2020 0:00;96.0
22/05/2020 0:00;98.0
23/05/2020 0:00;92.0
24/05/2020 0:00;100.0
25/05/2020 0:00;100.0
26/05/2020 0:00;100.0
27/05/2020 0:00;99.0
28/05/2020 0:00;96.0
29/05/2020 0:00;96.0
30/05/2020 0:00;100.0
31/05/2020 0:00;100.0
1/06/2020 0:00;96.0
2/06/2020 0:00;97.0
3/06/2020 0:00;88.0
4/06/2020 0:00;100.0
5/06/2020 0:00;100.0
6/06/2020 0:00;100.0
7/06/2020 0:00;100.0
8/06/2020 0:00;98.0
9/06/2020 0:00;100.0
10/06/2020 0:00;100.0
11/06/2020 0:00;100.0
12/06/2020 0:00;98.0
13/06/2020 0:00;99.0
14/06/2020 0:00;100.0
15/06/2020 0:00;100.0
16/06/2020 0:00;100.0
17/06/2020 0:00;100.0
18/06/2020 0:00;97.0
19/06/2020 0:00;100.0
20/06/2020 0:00;100.0
21/06/2020 0:00;100.0
22/06/2020 0:00;100.0
23/06/2020 0:00;99.0
24/06/2020 0:00;100.0
25/06/2020 0:00;100.0
26/06/2020 0:00;100.0
27/06/2020 0:00;100.0
28/06/2020 0:00;100.0
29/06/2020 0:00;100.0
30/06/2020 0:00;100.0
1/07/2020 0:00;100.0
2/07/2020 0:00;100.0
3/07/2020 0:00;100.0
4/07/2020 0:00;100.0
5/07/2020 0:00;100.0
6/07/2020 0:00;100.0
7/07/2020 0:00;100.0
8/07/2020 0:00;100.0
9/07/2020 0:00;100.0
10/07/2020 0:00;100.0
11/07/2020 0:00;100.0
12/07/2020 0:00;100.0
13/07/2020 0:00;100.0
14/07/2020 0:00;100.0
15/07/2020 0:00;100.0
16/07/2020 0:00;100.0
17/07/2020 0:00;100.0
18/07/2020 0:00;100.0
19/07/2020 0:00;100.0
20/07/2020 0:00;100.0
21/07/2020 0:00;100.0
22/07/2020 0:00;100.0
23/07/2020 0:00;100.0
24/07/2020 0:00;100.0
25/07/2020 0:00;100.0
26/07/2020 0:00;100.0
27/07/2020 0:00;100.0
28/07/2020 0:00;100.0
29/07/2020 0:00;100.0
30/07/2020 0:00;100.0
31/07/2020 0:00;100.0
1/08/2020 0:00;100.0
2/08/2020 0:00;100.0
3/08/2020 0:00;100.0
4/08/2020 0:00;100.0
5/08/2020 0:00;100.0
6/08/2020 0:00;100.0
7/08/2020 0:00;100.0
8/08/2020 0:00;100.0
9/08/2020 0:00;100.0
10/08/2020 0:00;100.0
11/08/2020 0:00;100.0
12/08/2020 0:00;100.0
13/08/2020 0:00;100.0
14/08/2020 0:00;100.0
15/08/2020 0:00;100.0
16/08/2020 0:00;100.0
17/08/2020 0:00;100.0
18/08/2020 0:00;100.0
19/08/2020 0:00;100.0
20/08/2020 0:00;100.0
21/08/2020 0:00;100.0
22/08/2020 0:00;100.0
23/08/2020 0:00;100.0
24/08/2020 0:00;100.0
25/08/2020 0:00;100.0
26/08/2020 0:00;100.0
27/08/2020 0:00;100.0
28/08/2020 0:00;100.0
29/08/2020 0:00;100.0
30/08/2020 0:00;100.0
31/08/2020 0:00;100.0
1/09/2020 0:00;100.0
2/09/2020 0:00;100.0
3/09/2020 0:00;100.0
4/09/2020 0:00;100.0
5/09/2020 0:00;100.0
6/09/2020 0:00;100.0
7/09/2020 0:00;100.0
8/09/2020 0:00;100.0
9/09/2020 0:00;100.0
10/09/2020 0:00;100.0
11/09/2020 0:00;100.0
12/09/2020 0:00;100.0
13/09/2020 0:00;100.0
14/09/2020 0:00;100.0
15/09/2020 0:00;100.0
16/09/2020 0:00;100.0
17/09/2020 0:00;100.0
18/09/2020 0:00;100.0
19/09/2020 0:00;100.0
20/09/2020 0:00;100.0
21/09/2020 0:00;100.0
22/09/2020 0:00;100.0
23/09/2020 0:00;100.0
24/09/2020 0:00;100.0
25/09/2020 0:00;100.0
26/09/2020 0:00;100.0
27/09/2020 0:00;100.0
28/09/2020 0:00;100.0
29/09/2020 0:00;100.0
30/09/2020 0:00;100.0
1/10/2020 0:00;100.0
2/10/2020 0:00;100.0
3/10/2020 0:00;100.0
4/10/2020 0:00;100.0
5/10/2020 0:00;100.0
6/10/2020 0:00;100.0
7/10/2020 0:00;100.0
8/10/2020 0:00;100.0
9/10/2020 0:00;100.0
10/10/2020 0:00;100.0
11/10/2020 0:00;100.0
12/10/2020 0:00;100.0
13/10/2020 0:00;100.0
14/10/2020 0:00;100.0
15/10/2020 0:00;100.0
16/10/2020 0:00;100.0
17/10/2020 0:00;100.0
18/10/2020 0:00;100.0
19/10/2020 0:00;100.0
20/10/2020 0:00;100.0
21/10/2020 0:00;100.0
22/10/2020 0:00;100.0
23/10/2020 0:00;100.0
24/10/2020 0:00;100.0
25/10/2020 0:00;100.0
26/10/2020 0:00;100.0
27/10/2020 0:00;100.0
28/10/2020 0:00;100.0
29/10/2020 0:00;100.0
30/10/2020 0:00;100.0
31/10/2020 0:00;100.0
1/11/2020 0:00;100.0
2/11/2020 0:00;100.0
3/11/2020 0:00;100.0
4/11/2020 0:00;100.0
5/11/2020 0:00;100.0
6/11/2020 0:00;100.0
7/11/2020 0:00;100.0
8/11/2020 0:00;100.0
9/11/2020 0:00;100.0
10/11/2020 0:00;100.0
11/11/2020 0:00;100.0
13/11/2020 0:00;100.0
14/11/2020 0:00;100.0
15/11/2020 0:00;100.0
16/11/2020 0:00;100.0
17/11/2020 0:00;100.0
18/11/2020 0:00;100.0
19/11/2020 0:00;100.0
20/11/2020 0:00;100.0
21/11/2020 0:00;100.0
22/11/2020 0:00;100.0
23/11/2020 0:00;100.0
24/11/2020 0:00;100.0
25/11/2020 0:00;100.0
26/11/2020 0:00;100.0
27/11/2020 0:00;100.0
28/11/2020 0:00;100.0
29/11/2020 0:00;100.0
30/11/2020 0:00;100.0
1/12/2020 0:00;100.0
2/12/2020 0:00;100.0
3/12/2020 0:00;100.0
4/12/2020 0:00;100.0
5/12/2020 0:00;100.0
6/12/2020 0:00;100.0
11/12/2020 0:00;100.0
12/12/2020 0:00;100.0
13/12/2020 0:00;100.0
14/12/2020 0:00;100.0
15/12/2020 0:00;100.0
16/12/2020 0:00;100.0
17/12/2020 0:00;100.0
18/12/2020 0:00;100.0
19/12/2020 0:00;100.0
20/12/2020 0:00;100.0
21/12/2020 0:00;100.0
22/12/2020 0:00;100.0
23/12/2020 0:00;100.0
24/12/2020 0:00;100.0
25/12/2020 0:00;100.0
26/12/2020 0:00;100.0
27/12/2020 0:00;100.0
28/12/2020 0:00;100.0
29/12/2020 0:00;100.0
30/12/2020 0:00;100.0
31/12/2020 0:00;100.0
1/01/2021 0:00;100.0
2/01/2021 0:00;100.0
3/01/2021 0:00;100.0
4/01/2021 0:00;100.0
9/01/2021 0:00;100.0
10/01/2021 0:00;100.0
11/01/2021 0:00;100.0
12/01/2021 0:00;100.0
13/01/2021 0:00;100.0
14/01/2021 0:00;100.0
15/01/2021 0:00;100.0
16/01/2021 0:00;100.0
17/01/2021 0:00;100.0
18/01/2021 0:00;100.0
19/01/2021 0:00;100.0
20/01/2021 0:00;100.0
21/01/2021 0:00;100.0
22/01/2021 0:00;100.0
23/01/2021 0:00;100.0
24/01/2021 0:00;100.0
25/01/2021 0:00;100.0
26/01/2021 0:00;100.0
27/01/2021 0:00;100.0
28/01/2021 0:00;100.0
29/01/2021 0:00;100.0
30/01/2021 0:00;100.0
31/01/2021 0:00;100.0
1/02/2021 0:00;100.0
2/02/2021 0:00;100.0
3/02/2021 0:00;100.0
4/02/2021 0:00;100.0
5/02/2021 0:00;100.0
6/02/2021 0:00;100.0
7/02/2021 0:00;100.0
8/02/2021 0:00;100.0
9/02/2021 0:00;100.0
10/02/2021 0:00;100.0
11/02/2021 0:00;97.0
12/02/2021 0:00;100.0
13/02/2021 0:00;100.0
14/02/2021 0:00;100.0
15/02/2021 0:00;100.0
16/02/2021 0:00;100.0
17/02/2021 0:00;100.0
18/02/2021 0:00;100.0
19/02/2021 0:00;100.0
20/02/2021 0:00;100.0
21/02/2021 0:00;100.0
22/02/2021 0:00;100.0
23/02/2021 0:00;100.0
24/02/2021 0:00;100.0
25/02/2021 0:00;100.0
26/02/2021 0:00;100.0
27/02/2021 0:00;100.0
28/02/2021 0:00;100.0
1/03/2021 0:00;100.0
2/03/2021 0:00;100.0
3/03/2021 0:00;100.0
4/03/2021 0:00;100.0
5/03/2021 0:00;100.0
6/03/2021 0:00;100.0
7/03/2021 0:00;100.0
8/03/2021 0:00;100.0
9/03/2021 0:00;100.0
10/03/2021 0:00;100.0
11/03/2021 0:00;100.0
12/03/2021 0:00;100.0
13/03/2021 0:00;100.0
14/03/2021 0:00;100.0
15/03/2021 0:00;100.0
16/03/2021 0:00;100.0
17/03/2021 0:00;100.0
18/03/2021 0:00;100.0
19/03/2021 0:00;100.0
20/03/2021 0:00;100.0
21/03/2021 0:00;100.0
22/03/2021 0:00;100.0
23/03/2021 0:00;100.0
24/03/2021 0:00;100.0
25/03/2021 0:00;100.0
26/03/2021 0:00;100.0
27/03/2021 0:00;100.0
28/03/2021 0:00;100.0
29/03/2021 0:00;100.0
30/03/2021 0:00;100.0
31/03/2021 0:00;100.0
18/08/2022 0:00;86.0
19/08/2022 0:00;84.0
20/08/2022 0:00;89.0
21/08/2022 0:00;91.0
22/08/2022 0:00;90.0
23/08/2022 0:00;94.0
24/08/2022 0:00;91.0
25/08/2022 0:00;86.0
26/08/2022 0:00;92.0
27/08/2022 0:00;84.0
28/08/2022 0:00;88.0
29/08/2022 0:00;91.0
30/08/2022 0:00;87.0
31/08/2022 0:00;91.0
1/09/2022 0:00;93.0
2/09/2022 0:00;86.0
3/09/2022 0:00;81.0
4/09/2022 0:00;86.0
5/09/2022 0:00;90.0
6/09/2022 0:00;98.0
7/09/2022 0:00;87.0
8/09/2022 0:00;94.0
9/09/2022 0:00;94.0
10/09/2022 0:00;88.0
11/09/2022 0:00;88.0
12/09/2022 0:00;87.0
13/09/2022 0:00;96.0
14/09/2022 0:00;89.0
15/09/2022 0:00;96.0
16/09/2022 0:00;88.0
17/09/2022 0:00;85.0
19/09/2022 0:00;97.0
20/09/2022 0:00;90.0
21/09/2022 0:00;97.0
22/09/2022 0:00;93.0
23/09/2022 0:00;98.0
24/09/2022 0:00;97.0
25/09/2022 0:00;96.0
26/09/2022 0:00;87.0
27/09/2022 0:00;96.0
28/09/2022 0:00;96.0
29/09/2022 0:00;94.0
30/09/2022 0:00;94.0
1/10/2022 0:00;98.0
2/10/2022 0:00;91.0
6/10/2022 15:00;90.0
11/10/2022 15:00;95.0
17/10/2022 13:57;92.0
1/11/2022 11:00;72.0
2/11/2022 0:00;93.0
3/11/2022 0:00;97.0
4/11/2022 0:00;98.0
1/12/2022 0:00;87.0
2/12/2022 0:00;79.0
3/12/2022 0:00;82.0
4/12/2022 0:00;88.0
6/12/2022 0:00;86.0
7/12/2022 0:00;88.0
15/12/2022 0:00;90.0
16/12/2022 0:00;87.0
18/12/2022 0:00;85.0
19/12/2022 0:00;86.0
20/12/2022 0:00;79.0
21/12/2022 0:00;83.0
22/12/2022 0:00;94.0
23/12/2022 0:00;90.0
24/12/2022 0:00;85.0
25/12/2022 0:00;82.0
26/12/2022 0:00;83.0
27/12/2022 0:00;89.0
28/12/2022 0:00;97.0
29/12/2022 0:00;92.0
30/12/2022 0:00;86.0
2/01/2023 1:00;93.0
3/01/2023 0:00;94.0
4/01/2023 0:00;89.0
5/01/2023 0:00;91.0
6/01/2023 0:00;96.0
7/01/2023 0:00;96.0
8/01/2023 0:00;96.0
9/01/2023 0:00;97.0
10/01/2023 0:00;97.0
11/01/2023 0:00;94.0
12/01/2023 0:00;94.0
13/01/2023 0:00;98.0
14/01/2023 0:00;94.0
15/01/2023 0:00;94.0
16/01/2023 0:00;92.0
17/01/2023 0:00;93.0
18/01/2023 0:00;96.0
19/01/2023 0:00;93.0
20/01/2023 0:00;88.0
21/01/2023 0:00;91.0
22/01/2023 0:00;85.0
23/01/2023 0:00;92.0
24/01/2023 0:00;92.0
25/01/2023 0:00;89.0
26/01/2023 0:00;88.0
27/01/2023 0:00;91.0
28/01/2023 0:00;90.0
29/01/2023 0:00;90.0
30/01/2023 0:00;84.0
31/01/2023 0:00;83.0
1/02/2023 0:00;92.0
2/02/2023 0:00;87.0
3/02/2023 0:00;76.0
4/02/2023 0:00;92.0
5/02/2023 0:00;91.0
6/02/2023 0:00;93.0
7/02/2023 0:00;88.0
8/02/2023 0:00;90.0
9/02/2023 0:00;85.0
10/02/2023 0:00;88.0
11/02/2023 0:00;91.0
12/02/2023 0:00;93.0
13/02/2023 0:00;97.0
14/02/2023 0:00;96.0
15/02/2023 0:00;96.0
16/02/2023 0:00;95.0
17/02/2023 0:00;77.0
18/02/2023 0:00;90.0
19/02/2023 0:00;91.0
20/02/2023 0:00;92.0
21/02/2023 0:00;84.0
22/02/2023 0:00;91.0
23/02/2023 0:00;89.0
24/02/2023 0:00;90.0
25/02/2023 0:00;91.0
26/02/2023 0:00;94.0
27/02/2023 0:00;95.0
28/02/2023 0:00;97.0
1/03/2023 0:00;97.0
2/03/2023 0:00;98.0
3/03/2023 0:00;94.0
4/03/2023 0:00;98.0
5/03/2023 0:00;98.0
6/03/2023 0:00;98.0
7/03/2023 0:00;97.0
8/03/2023 0:00;94.0
9/03/2023 0:00;94.0
10/03/2023 0:00;88.0
11/03/2023 0:00;88.0
12/03/2023 0:00;95.0
13/03/2023 0:00;99.0
14/03/2023 0:00;99.0
15/03/2023 0:00;99.0
16/03/2023 0:00;99.0
17/03/2023 0:00;89.0
7/11/2024 0:00;1.0
20/11/2024 0:00;99.0
21/11/2024 0:00;99.0
22/11/2024 0:00;99.0
24/11/2024 0:00;99.0
21/12/2024 0:00;99.0
2/01/2025 0:00;99.0
3/01/2025 0:00;99.0
4/01/2025 0:00;99.0
5/01/2025 0:00;99.0
6/01/2025 0:00;99.0
7/01/2025 0:00;99.0
8/01/2025 0:00;99.0
9/01/2025 0:00;99.0
10/01/2025 0:00;99.0
11/01/2025 0:00;99.0
12/01/2025 0:00;99.0
13/01/2025 0:00;99.0
14/01/2025 0:00;99.0
18/01/2025 0:00;43.0
19/01/2025 0:00;99.0
20/01/2025 0:00;99.0
23/01/2025 0:00;99.0
24/01/2025 0:00;99.0
25/01/2025 0:00;35.0
26/01/2025 0:00;99.0
27/01/2025 0:00;99.0
28/01/2025 0:00;34.0
29/01/2025 0:00;99.0
30/01/2025 0:00;99.0
31/01/2025 0:00;99.0
4/02/2025 3:00;99.0
26/02/2025 0:00;79.0
27/02/2025 0:00;99.0
28/02/2025 0:00;99.0
1/03/2025 0:00;99.0
2/03/2025 0:00;90.0
3/03/2025 0:00;99.0
4/03/2025 0:00;99.0
5/03/2025 0:00;99.0
7/03/2025 0:00;99.0
8/03/2025 0:00;99.0
9/03/2025 0:00;99.0
10/03/2025 0:00;99.0
11/03/2025 0:00;99.0
12/03/2025 0:00;99.0
13/03/2025 0:00;99.0
14/03/2025 0:00;99.0
15/03/2025 0:00;99.0
16/03/2025 0:00;99.0
17/03/2025 0:00;99.0
18/03/2025 0:00;99.0
19/03/2025 0:00;99.0
20/03/2025 0:00;99.0
28/03/2025 3:00;99.0
29/03/2025 0:00;99.0
30/03/2025 0:00;99.0
31/03/2025 0:00;99.0
1/04/2025 0:00;99.0
2/04/2025 0:00;71.0
3/04/2025 0:00;99.0
4/04/2025 0:00;99.0
5/04/2025 0:00;99.0
6/04/2025 0:00;99.0
7/04/2025 0:00;99.0
8/04/2025 0:00;99.0
9/04/2025 0:00;99.0
10/04/2025 0:00;99.0
11/04/2025 0:00;99.0
12/04/2025 0:00;99.0
13/04/2025 0:00;99.0
14/04/2025 0:00;99.0
15/04/2025 0:00;99.0
16/04/2025 0:00;99.0
17/04/2025 0:00;99.0
18/04/2025 0:00;99.0
19/04/2025 0:00;99.0
20/04/2025 0:00;99.0
21/04/2025 0:00;99.0
22/04/2025 0:00;99.0
23/04/2025 0:00;99.0
24/04/2025 0:00;99.0
25/04/2025 0:00;99.0
26/04/2025 0:00;99.0
27/04/2025 0:00;99.0
28/04/2025 0:00;99.0
29/04/2025 0:00;99.0
30/04/2025 0:00;99.0
1/05/2025 0:00;99.0
2/05/2025 0:00;99.0
3/05/2025 0:00;99.0
4/05/2025 0:00;99.0
5/05/2025 0:00;99.0
6/05/2025 0:00;99.0
7/05/2025 0:00;99.0
8/05/2025 0:00;99.0
9/05/2025 0:00;99.0
10/05/2025 0:00;99.0
11/05/2025 0:00;99.0
12/05/2025 0:00;99.0
13/05/2025 0:00;99.0
14/05/2025 0:00;99.0
15/05/2025 0:00;99.0
16/05/2025 0:00;99.0
18/05/2025 0:00;99.0
19/05/2025 0:00;99.0
20/05/2025 0:00;99.0
21/05/2025 0:00;99.0
25/05/2025 0:00;99.0
26/05/2025 0:00;99.0
27/05/2025 0:00;99.0
28/05/2025 0:00;99.0
29/05/2025 0:00;99.0
30/05/2025 0:00;99.0
31/05/2025 0:00;99.0
1/06/2025 0:00;99.0
2/06/2025 0:00;99.0
3/06/2025 0:00;99.0
4/06/2025 0:00;69.0
5/06/2025 0:00;99.0
7/06/2025 0:00;76.0
8/06/2025 0:00;99.0
10/06/2025 0:00;99.0
12/06/2025 0:00;69.0
14/06/2025 0:00;99.0
15/06/2025 0:00;99.0
29/06/2025 0:00;1.0
20/07/2025 0:00;99.0
21/07/2025 0:00;99.0
22/07/2025 0:00;99.0
23/07/2025 0:00;99.0
24/07/2025 0:00;99.0
25/07/2025 0:00;99.0
26/07/2025 0:00;99.0
27/07/2025 0:00;99.0
28/07/2025 0:00;85.0
30/07/2025 0:00;38.0
31/07/2025 0:00;99.0
1/08/2025 0:00;99.0
4/08/2025 0:00;99.0
5/08/2025 0:00;99.0
6/08/2025 0:00;99.0
7/08/2025 0:00;99.0
8/08/2025 0:00;99.0
9/08/2025 0:00;99.0
10/08/2025 0:00;99.0
11/08/2025 0:00;99.0
12/08/2025 0:00;99.0
13/08/2025 0:00;99.0
14/08/2025 0:00;99.0
15/08/2025 0:00;99.0
16/08/2025 0:00;99.0
17/08/2025 0:00;99.0
18/08/2025 0:00;99.0
19/08/2025 0:00;99.0
20/08/2025 0:00;99.0
21/08/2025 0:00;5.0
22/08/2025 0:00;99.0
23/08/2025 0:00;99.0
24/08/2025 0:00;99.0
25/08/2025 0:00;99.0
26/08/2025 0:00;99.0
27/08/2025 0:00;99.0
28/08/2025 0:00;91.0
29/08/2025 0:00;99.0
30/08/2025 0:00;99.0
1/09/2025 0:00;99.0
2/09/2025 0:00;99.0
3/09/2025 0:00;99.0
5/09/2025 3:00;99.0
6/09/2025 0:00;99.0
7/09/2025 0:00;99.0
13/09/2025 0:00;76.0
15/09/2025 0:00;99.0
17/09/2025 0:00;99.0
18/09/2025 0:00;99.0
22/09/2025 0:00;99.0
23/09/2025 0:00;99.0
24/09/2025 0:00;99.0
25/09/2025 0:00;99.0
26/09/2025 0:00;99.0
27/09/2025 0:00;99.0
28/09/2025 0:00;99.0
29/09/2025 0:00;99.0
30/09/2025 0:00;99.0
1/10/2025 0:00;99.0
2/10/2025 0:00;99.0
4/10/2025 0:00;99.0
5/10/2025 0:00;99.0
6/10/2025 0:00;99.0
7/10/2025 0:00;99.0
8/10/2025 0:00;99.0
9/10/2025 0:00;99.0
10/10/2025 0:00;99.0
11/10/2025 0:00;99.0
12/10/2025 0:00;99.0
13/10/2025 0:00;99.0
14/10/2025 0:00;99.0
15/10/2025 0:00;99.0
16/10/2025 0:00;99.0
17/10/2025 0:00;99.0
18/10/2025 0:00;99.0
19/10/2025 0:00;99.0
20/10/2025 0:00;99.0
21/10/2025 0:00;99.0
22/10/2025 0:00;99.0
23/10/2025 0:00;99.0
24/10/2025 0:00;99.0
25/10/2025 0:00;99.0
26/10/2025 0:00;99.0
27/10/2025 0:00;99.0
28/10/2025 0:00;99.0
29/10/2025 0:00;99.0
30/10/2025 0:00;99.0
31/10/2025 0:00;99.0
1/11/2025 0:00;99.0
2/11/2025 0:00;99.0
3/11/2025 0:00;99.0
4/11/2025 0:00;99.0
5/11/2025 0:00;99.0
6/11/2025 0:00;99.0
7/11/2025 0:00;99.0
9/11/2025 0:00;99.0
