FechaObservacion,ValorObservado
2006-10-10 09:00:00,60.0
2006-10-11 00:00:00,78.0
2006-10-18 14:00:00,69.0
2006-10-19 00:00:00,79.0
2006-10-20 00:00:00,83.0
2006-10-21 00:00:00,85.0
2006-10-22 00:00:00,82.0
2006-10-23 00:00:00,82.0
2006-10-24 00:00:00,88.0
2006-10-25 19:00:00,82.0
2006-10-26 01:00:00,80.0
2006-10-27 00:00:00,81.0
2006-10-28 00:00:00,86.0
2006-10-29 00:00:00,83.0
2006-10-30 00:00:00,86.0
2006-10-31 00:00:00,81.0
2006-11-01 00:00:00,89.0
2006-11-02 00:00:00,84.0
2006-11-03 00:00:00,81.0
2006-11-04 00:00:00,80.0
2006-11-05 09:00:00,77.0
2006-11-06 00:00:00,84.0
2006-11-07 00:00:00,88.0
2006-11-08 00:00:00,87.0
2006-11-09 00:00:00,86.0
2006-11-10 00:00:00,85.0
2006-11-11 00:00:00,83.0
2006-11-12 00:00:00,81.0
2006-11-13 00:00:00,80.0
2006-11-14 00:00:00,78.0
2006-11-15 00:00:00,87.0
2006-11-16 00:00:00,87.0
2006-11-17 00:00:00,92.0
2006-11-18 00:00:00,86.0
2006-11-26 19:00:00,84.0
2006-11-27 00:00:00,83.0
2006-11-28 00:00:00,85.0
2006-11-29 00:00:00,87.0
2006-11-30 00:00:00,81.0
2006-12-01 00:00:00,72.0
2006-12-02 00:00:00,78.0
2006-12-03 00:00:00,74.0
2006-12-04 00:00:00,77.0
2006-12-05 00:00:00,78.0
2006-12-06 00:00:00,81.0
2006-12-09 14:00:00,77.0
2006-12-10 00:00:00,84.0
2006-12-11 00:00:00,78.0
2006-12-12 00:00:00,89.0
2006-12-13 00:00:00,87.0
2006-12-14 00:00:00,80.0
2006-12-15 00:00:00,81.0
2006-12-16 00:00:00,85.0
2006-12-17 00:00:00,82.0
2006-12-18 00:00:00,79.0
2006-12-19 00:00:00,84.0
2006-12-20 00:00:00,85.0
2006-12-21 00:00:00,88.0
2006-12-22 00:00:00,83.0
2006-12-23 00:00:00,77.0
2006-12-24 00:00:00,78.0
2006-12-25 00:00:00,71.0
2006-12-26 00:00:00,76.0
2006-12-27 00:00:00,86.0
2006-12-28 00:00:00,84.0
2006-12-29 00:00:00,73.0
2006-12-30 00:00:00,76.0
2006-12-31 00:00:00,80.0
2007-01-01 00:00:00,78.0
2007-01-02 00:00:00,73.0
2007-01-03 00:00:00,70.0
2007-01-04 00:00:00,72.0
2007-01-05 00:00:00,75.0
2007-01-06 00:00:00,79.0
2007-01-07 00:00:00,78.0
2007-01-08 00:00:00,84.0
2007-01-09 00:00:00,85.0
2007-01-10 00:00:00,87.0
2007-01-11 00:00:00,88.0
2007-01-12 00:00:00,86.0
2007-01-13 00:00:00,79.0
2007-01-14 00:00:00,80.0
2007-01-15 01:00:00,80.0
2007-01-16 01:00:00,82.0
2007-01-17 00:00:00,81.0
2007-01-18 00:00:00,83.0
2007-01-19 00:00:00,80.0
2007-01-20 00:00:00,84.0
2007-01-21 00:00:00,86.0
2007-01-22 00:00:00,76.0
2007-01-23 00:00:00,84.0
2007-01-24 00:00:00,87.0
2007-01-25 00:00:00,86.0
2007-01-26 00:00:00,88.0
2007-01-27 00:00:00,85.0
2007-01-28 00:00:00,87.0
2007-01-29 00:00:00,88.0
2007-01-30 00:00:00,87.0
2007-01-31 00:00:00,75.0
2007-02-01 00:00:00,86.0
2007-02-02 00:00:00,68.0
2007-02-03 00:00:00,73.0
2007-02-04 00:00:00,78.0
2007-02-05 00:00:00,78.0
2007-02-06 00:00:00,83.0
2007-02-07 00:00:00,83.0
2007-02-08 00:00:00,83.0
2007-02-09 00:00:00,85.0
2007-02-10 00:00:00,85.0
2007-02-11 00:00:00,85.0
2007-02-12 00:00:00,86.0
2007-02-13 00:00:00,76.0
2007-02-14 00:00:00,87.0
2007-02-15 00:00:00,84.0
2007-02-16 00:00:00,87.0
2007-02-17 00:00:00,83.0
2007-02-18 00:00:00,84.0
2007-02-19 00:00:00,83.0
2007-02-20 00:00:00,77.0
2007-02-21 00:00:00,71.0
2007-02-22 00:00:00,81.0
2007-02-23 00:00:00,82.0
2007-02-24 00:00:00,84.0
2007-02-25 00:00:00,87.0
2007-02-26 00:00:00,82.0
2007-02-27 00:00:00,80.0
2007-02-28 00:00:00,76.0
2007-03-01 00:00:00,71.0
2007-03-02 00:00:00,76.0
2007-03-03 00:00:00,77.0
2007-03-04 00:00:00,71.0
2007-03-05 00:00:00,85.0
2007-03-06 00:00:00,86.0
2007-03-07 00:00:00,86.0
2007-03-08 00:00:00,85.0
2007-03-09 00:00:00,88.0
2007-03-10 00:00:00,88.0
2007-03-11 00:00:00,86.0
2007-03-12 00:00:00,88.0
2007-03-13 00:00:00,76.0
2007-03-14 00:00:00,83.0
2007-03-15 09:00:00,76.0
2007-03-16 00:00:00,85.0
2007-03-17 00:00:00,87.0
2007-03-20 08:00:00,77.0
2007-03-21 00:00:00,87.0
2007-03-22 00:00:00,87.0
2007-03-23 09:00:00,87.0
2007-03-24 00:00:00,86.0
2007-03-25 00:00:00,86.0
2007-03-26 00:00:00,88.0
2007-03-27 00:00:00,88.0
2007-03-28 00:00:00,86.0
2007-03-29 00:00:00,86.0
2007-03-30 00:00:00,86.0
2007-03-31 00:00:00,83.0
2007-04-01 00:00:00,85.0
2007-04-02 00:00:00,86.0
2007-04-03 00:00:00,87.0
2007-04-04 00:00:00,87.0
2007-04-05 00:00:00,86.0
2007-04-06 00:00:00,87.0
2007-04-07 00:00:00,89.0
2007-04-08 00:00:00,88.0
2007-04-09 00:00:00,92.0
2007-04-10 00:00:00,89.0
2007-04-11 00:00:00,87.0
2007-04-12 00:00:00,89.0
2007-04-13 01:00:00,85.0
2007-04-14 00:00:00,85.0
2007-04-15 00:00:00,85.0
2007-04-16 00:00:00,85.0
2007-04-17 00:00:00,84.0
2007-04-18 00:00:00,81.0
2007-04-19 15:00:00,79.0
2007-04-20 00:00:00,86.0
2007-04-22 14:00:00,73.0
2007-04-23 00:00:00,86.0
2007-04-24 00:00:00,81.0
2007-04-25 00:00:00,86.0
2007-04-26 00:00:00,87.0
2007-04-27 00:00:00,87.0
2007-04-28 00:00:00,86.0
2007-04-29 00:00:00,85.0
2007-04-30 00:00:00,86.0
2007-05-01 00:00:00,86.0
2007-05-02 00:00:00,86.0
2007-05-03 00:00:00,86.0
2007-05-04 00:00:00,88.0
2007-05-05 00:00:00,89.0
2007-05-06 00:00:00,85.0
2007-05-07 00:00:00,88.0
2007-05-08 00:00:00,87.0
2007-05-09 00:00:00,90.0
2007-05-10 00:00:00,89.0
2007-05-11 00:00:00,91.0
2007-05-12 00:00:00,88.0
2007-05-13 00:00:00,88.0
2007-05-14 00:00:00,88.0
2007-05-15 00:00:00,89.0
2007-05-16 00:00:00,88.0
2007-05-17 00:00:00,84.0
2007-05-18 00:00:00,85.0
2007-05-19 00:00:00,87.0
2007-05-20 00:00:00,83.0
2007-05-21 00:00:00,87.0
2007-05-22 00:00:00,87.0
2007-05-23 00:00:00,82.0
2007-05-24 00:00:00,82.0
2007-05-25 00:00:00,88.0
2007-05-26 00:00:00,85.0
2007-05-27 00:00:00,88.0
2007-05-28 00:00:00,83.0
2007-05-29 00:00:00,88.0
2007-05-30 00:00:00,94.0
2007-05-31 00:00:00,84.0
2007-06-01 08:00:00,68.0
2007-06-02 00:00:00,81.0
2007-06-03 00:00:00,89.0
2007-06-04 00:00:00,95.0
2007-06-05 00:00:00,89.0
2007-06-06 00:00:00,87.0
2007-06-07 00:00:00,75.0
2007-06-08 00:00:00,82.0
2007-06-09 00:00:00,87.0
2007-06-10 00:00:00,85.0
2007-06-11 00:00:00,84.0
2007-06-12 00:00:00,90.0
2007-06-13 00:00:00,87.0
2007-06-14 00:00:00,89.0
2007-06-15 00:00:00,83.0
2007-06-16 00:00:00,86.0
2007-06-17 00:00:00,82.0
2007-06-18 00:00:00,85.0
2007-06-19 00:00:00,77.0
2007-06-20 09:00:00,79.0
2007-06-21 00:00:00,84.0
2007-06-22 00:00:00,84.0
2007-06-23 00:00:00,85.0
2007-06-24 00:00:00,84.0
2007-06-25 00:00:00,80.0
2007-06-26 00:00:00,84.0
2007-06-27 00:00:00,87.0
2007-06-28 00:00:00,82.0
2007-06-29 00:00:00,86.0
2007-06-30 00:00:00,87.0
2007-07-01 00:00:00,87.0
2007-07-02 00:00:00,83.0
2007-07-03 00:00:00,82.0
2007-07-04 00:00:00,83.0
2007-07-05 00:00:00,86.0
2007-07-06 00:00:00,77.0
2007-07-07 00:00:00,79.0
2007-07-08 00:00:00,88.0
2007-07-09 08:00:00,84.0
2007-07-10 00:00:00,86.0
2007-07-11 00:00:00,80.0
2007-07-12 00:00:00,79.0
2007-07-13 00:00:00,81.0
2007-07-14 00:00:00,88.0
2007-07-15 00:00:00,83.0
2007-07-16 00:00:00,86.0
2007-07-17 00:00:00,85.0
2007-07-18 00:00:00,79.0
2007-07-19 00:00:00,83.0
2007-07-20 00:00:00,80.0
2007-07-21 00:00:00,88.0
2007-07-22 00:00:00,84.0
2007-07-23 00:00:00,84.0
2007-07-24 00:00:00,86.0
2007-07-25 00:00:00,82.0
2007-07-26 00:00:00,86.0
2007-07-27 00:00:00,87.0
2007-07-28 00:00:00,86.0
2007-07-29 00:00:00,84.0
2007-07-30 00:00:00,85.0
2007-07-31 00:00:00,86.0
2007-08-01 00:00:00,84.0
2007-08-02 00:00:00,86.0
2007-08-03 00:00:00,82.0
2007-08-04 00:00:00,87.0
2007-08-05 00:00:00,84.0
2007-08-06 00:00:00,82.0
2007-08-07 00:00:00,89.0
2007-08-08 00:00:00,83.0
2007-08-09 00:00:00,85.0
2007-08-10 00:00:00,85.0
2007-08-11 00:00:00,87.0
2007-08-12 00:00:00,93.0
2007-08-13 00:00:00,93.0
2007-08-14 00:00:00,87.0
2007-08-15 00:00:00,81.0
2007-08-16 00:00:00,82.0
2007-08-17 00:00:00,82.0
2007-08-18 00:00:00,85.0
2007-08-19 00:00:00,89.0
2007-08-20 00:00:00,88.0
2007-08-21 00:00:00,91.0
2007-08-22 08:00:00,82.0
2007-08-23 00:00:00,86.0
2007-08-24 00:00:00,82.0
2007-08-25 00:00:00,86.0
2007-08-26 00:00:00,94.0
2007-08-27 00:00:00,94.0
2007-08-28 00:00:00,85.0
2007-08-29 00:00:00,84.0
2007-08-30 00:00:00,87.0
2007-08-31 00:00:00,86.0
2007-09-01 00:00:00,89.0
2007-09-02 00:00:00,87.0
2007-09-03 00:00:00,86.0
2007-09-04 00:00:00,88.0
2007-09-05 00:00:00,78.0
2007-09-06 00:00:00,85.0
2007-09-07 00:00:00,82.0
2007-09-08 00:00:00,86.0
2007-09-09 00:00:00,83.0
2007-09-10 00:00:00,91.0
2007-09-11 00:00:00,83.0
2007-09-12 00:00:00,81.0
2007-09-13 00:00:00,81.0
2007-09-14 00:00:00,81.0
2007-09-15 00:00:00,86.0
2007-09-16 00:00:00,92.0
2007-09-17 00:00:00,84.0
2007-09-18 00:00:00,84.0
2007-09-19 00:00:00,86.0
2007-09-20 00:00:00,88.0
2007-09-21 00:00:00,81.0
2007-09-22 00:00:00,86.0
2007-09-23 00:00:00,87.0
2007-09-24 00:00:00,79.0
2007-09-25 00:00:00,83.0
2007-09-26 00:00:00,87.0
2007-09-27 00:00:00,92.0
2007-09-28 00:00:00,85.0
2007-09-29 00:00:00,86.0
2007-09-30 00:00:00,85.0
2007-10-01 00:00:00,86.0
2007-10-02 00:00:00,84.0
2007-10-03 00:00:00,84.0
2007-10-04 00:00:00,81.0
2007-10-05 00:00:00,89.0
2007-10-06 00:00:00,88.0
2007-10-07 00:00:00,84.0
2007-10-08 00:00:00,92.0
2007-10-09 00:00:00,86.0
2007-10-10 00:00:00,83.0
2007-10-11 00:00:00,84.0
2007-12-06 14:00:00,70.0
2007-12-17 14:00:00,70.0
2007-12-18 00:00:00,84.0
2007-12-19 00:00:00,84.0
2007-12-20 00:00:00,81.0
2007-12-21 00:00:00,81.0
2007-12-22 00:00:00,82.0
2007-12-23 00:00:00,83.0
2007-12-24 00:00:00,87.0
2007-12-25 00:00:00,83.0
2007-12-26 00:00:00,83.0
2007-12-27 00:00:00,79.0
2007-12-28 00:00:00,80.0
2007-12-29 00:00:00,81.0
2007-12-30 00:00:00,80.0
2007-12-31 00:00:00,84.0
2008-01-01 00:00:00,79.0
2008-01-02 00:00:00,78.0
2008-01-03 00:00:00,83.0
2008-01-04 00:00:00,82.0
2008-01-05 00:00:00,77.0
2008-01-06 00:00:00,82.0
2008-01-07 00:00:00,85.0
2008-01-08 00:00:00,87.0
2008-01-09 00:00:00,86.0
2008-01-10 00:00:00,83.0
2008-01-11 00:00:00,85.0
2008-01-12 00:00:00,80.0
2008-01-13 00:00:00,85.0
2008-01-14 00:00:00,87.0
2008-01-15 00:00:00,87.0
2008-01-16 00:00:00,82.0
2008-01-17 00:00:00,83.0
2008-01-18 00:00:00,78.0
2008-01-19 00:00:00,79.0
2008-01-20 00:00:00,81.0
2008-01-21 08:00:00,79.0
2008-01-22 17:00:00,81.0
2008-01-23 00:00:00,81.0
2008-01-24 01:00:00,73.0
2008-01-25 00:00:00,79.0
2008-01-26 00:00:00,83.0
2008-01-27 00:00:00,84.0
2008-01-28 00:00:00,83.0
2008-01-29 00:00:00,78.0
2008-01-30 01:00:00,85.0
2008-01-31 01:00:00,83.0
2008-02-01 00:00:00,75.0
2008-02-02 01:00:00,80.0
2008-02-03 00:00:00,80.0
2008-02-04 00:00:00,74.0
2008-02-05 00:00:00,83.0
2008-02-06 00:00:00,76.0
2008-02-07 02:00:00,81.0
2008-02-08 00:00:00,81.0
2008-02-09 00:00:00,74.0
2008-02-10 00:00:00,84.0
2008-02-11 00:00:00,88.0
2008-02-12 00:00:00,83.0
2008-02-13 00:00:00,83.0
2008-02-14 00:00:00,85.0
2008-02-18 20:00:00,81.0
2008-02-19 00:00:00,82.0
2008-02-20 00:00:00,85.0
2008-02-21 00:00:00,84.0
2008-02-22 00:00:00,85.0
2008-02-23 00:00:00,83.0
2008-02-24 00:00:00,82.0
2008-02-25 00:00:00,85.0
2008-02-26 00:00:00,79.0
2008-02-27 00:00:00,85.0
2008-02-28 00:00:00,86.0
2008-02-29 00:00:00,85.0
2008-03-01 00:00:00,84.0
2008-03-02 00:00:00,86.0
2008-03-03 00:00:00,84.0
2008-04-11 21:00:00,85.0
2008-04-12 00:00:00,85.0
2008-06-05 13:00:00,78.0
2008-06-06 00:00:00,89.0
2008-06-07 08:00:00,82.0
2008-06-08 00:00:00,88.0
2008-06-09 07:00:00,91.0
2008-06-10 08:00:00,84.0
2008-06-11 07:00:00,86.0
2008-06-12 00:00:00,84.0
2008-06-13 00:00:00,87.0
2008-06-14 00:00:00,89.0
2008-06-15 00:00:00,90.0
2008-06-16 00:00:00,88.0
2008-06-17 00:00:00,88.0
2008-06-18 00:00:00,89.0
2008-06-19 00:00:00,88.0
2008-06-20 00:00:00,87.0
2008-06-21 00:00:00,85.0
2008-06-22 00:00:00,77.0
2008-06-23 00:00:00,88.0
2008-06-24 00:00:00,88.0
2008-06-25 00:00:00,83.0
2008-06-26 00:00:00,89.0
2008-06-27 00:00:00,82.0
2008-06-28 00:00:00,83.0
2008-06-29 00:00:00,89.0
2008-06-30 00:00:00,88.0
2008-07-01 00:00:00,87.0
2008-07-02 00:00:00,87.0
2008-07-03 00:00:00,87.0
2008-07-04 00:00:00,85.0
2008-07-05 00:00:00,88.0
2008-07-06 00:00:00,82.0
2008-07-07 00:00:00,82.0
2008-07-08 00:00:00,88.0
2008-07-09 00:00:00,85.0
2008-07-10 00:00:00,86.0
2008-07-11 00:00:00,87.0
2008-07-12 00:00:00,89.0
2008-07-13 00:00:00,87.0
2008-07-14 00:00:00,83.0
2008-07-15 00:00:00,87.0
2008-07-16 00:00:00,88.0
2008-07-17 00:00:00,93.0
2008-07-18 00:00:00,87.0
2008-07-19 00:00:00,87.0
2008-07-20 00:00:00,87.0
2008-07-21 01:00:00,81.0
2008-07-22 00:00:00,87.0
2008-07-23 00:00:00,85.0
2008-07-24 00:00:00,82.0
2008-07-25 00:00:00,87.0
2008-07-26 00:00:00,80.0
2008-07-27 09:00:00,79.0
2008-07-28 01:00:00,89.0
2008-07-29 01:00:00,87.0
2008-07-30 00:00:00,87.0
2008-07-31 00:00:00,86.0
2008-08-01 00:00:00,79.0
2008-08-02 00:00:00,87.0
2008-08-03 00:00:00,88.0
2008-08-04 00:00:00,87.0
2008-08-05 08:00:00,83.0
2008-08-06 00:00:00,86.0
2008-08-07 00:00:00,87.0
2008-08-08 00:00:00,81.0
2008-08-09 00:00:00,87.0
2008-08-10 00:00:00,87.0
2008-08-11 01:00:00,89.0
2008-08-12 00:00:00,87.0
2008-08-13 00:00:00,85.0
2008-08-14 00:00:00,82.0
2008-08-15 08:00:00,86.0
2008-08-16 00:00:00,86.0
2008-08-17 00:00:00,88.0
2008-08-18 00:00:00,82.0
2008-08-19 00:00:00,77.0
2008-08-20 00:00:00,91.0
2008-08-21 00:00:00,82.0
2008-08-22 00:00:00,82.0
2008-08-23 00:00:00,91.0
2008-08-24 00:00:00,87.0
2008-08-25 00:00:00,90.0
2008-08-26 00:00:00,85.0
2008-08-27 00:00:00,85.0
2008-08-28 08:00:00,87.0
2008-08-29 00:00:00,85.0
2008-08-30 00:00:00,85.0
2008-08-31 00:00:00,84.0
2008-09-01 00:00:00,83.0
2008-09-02 00:00:00,88.0
2008-09-03 00:00:00,86.0
2008-09-04 00:00:00,77.0
2008-09-05 00:00:00,79.0
2008-09-06 00:00:00,85.0
2008-09-07 00:00:00,85.0
2008-09-08 00:00:00,85.0
2008-09-09 00:00:00,83.0
2008-09-10 00:00:00,87.0
2008-09-11 00:00:00,87.0
2008-09-12 00:00:00,86.0
2008-09-13 00:00:00,87.0
2008-09-14 00:00:00,87.0
2008-09-15 00:00:00,84.0
2008-09-16 00:00:00,89.0
2008-09-17 00:00:00,80.0
2008-09-18 00:00:00,82.0
2008-09-19 00:00:00,83.0
2008-09-20 01:00:00,85.0
2008-09-21 00:00:00,88.0
2008-09-22 00:00:00,85.0
2008-09-23 00:00:00,85.0
2008-09-24 00:00:00,75.0
2008-09-25 00:00:00,89.0
2008-09-26 00:00:00,82.0
2008-09-27 00:00:00,86.0
2008-09-28 00:00:00,83.0
2008-09-29 00:00:00,87.0
2008-09-30 00:00:00,88.0
2008-10-01 00:00:00,92.0
2008-10-02 00:00:00,89.0
2008-10-03 00:00:00,89.0
2008-10-04 00:00:00,91.0
2008-10-05 00:00:00,91.0
2008-10-06 00:00:00,90.0
2008-10-07 00:00:00,82.0
2008-10-08 00:00:00,93.0
2008-10-09 00:00:00,83.0
2008-10-10 00:00:00,84.0
2008-10-11 00:00:00,91.0
2008-10-12 00:00:00,83.0
2008-10-13 00:00:00,89.0
2008-10-14 00:00:00,86.0
2008-10-15 00:00:00,86.0
2008-10-16 00:00:00,84.0
2008-10-17 00:00:00,90.0
2008-10-18 00:00:00,82.0
2008-10-19 00:00:00,82.0
2008-10-20 00:00:00,93.0
2008-10-21 00:00:00,77.0
2008-10-22 00:00:00,89.0
2008-10-23 00:00:00,88.0
2008-10-24 00:00:00,82.0
2008-10-25 00:00:00,86.0
2008-10-26 00:00:00,83.0
2008-10-27 00:00:00,83.0
2008-10-28 00:00:00,84.0
2008-10-29 00:00:00,86.0
2008-10-30 00:00:00,86.0
2008-10-31 00:00:00,89.0
2008-11-01 00:00:00,89.0
2008-11-02 00:00:00,93.0
2008-11-03 00:00:00,91.0
2008-11-04 00:00:00,84.0
2008-11-05 00:00:00,90.0
2008-11-06 00:00:00,84.0
2008-11-07 00:00:00,85.0
2008-11-08 00:00:00,87.0
2008-11-09 00:00:00,85.0
2008-11-10 00:00:00,85.0
2008-11-11 00:00:00,84.0
2008-11-12 00:00:00,81.0
2008-11-13 00:00:00,83.0
2008-11-14 00:00:00,86.0
2008-11-15 00:00:00,82.0
2008-11-16 00:00:00,86.0
2008-11-17 00:00:00,84.0
2008-11-18 01:00:00,87.0
2008-11-19 00:00:00,81.0
2008-11-20 00:00:00,82.0
2008-11-21 00:00:00,85.0
2008-11-22 00:00:00,80.0
2008-11-23 00:00:00,82.0
2008-11-24 00:00:00,80.0
2008-11-25 00:00:00,87.0
2008-11-26 00:00:00,94.0
2008-11-27 00:00:00,89.0
2008-11-28 00:00:00,95.0
2008-11-29 00:00:00,75.0
2008-11-30 00:00:00,75.0
2008-12-01 00:00:00,77.0
2008-12-02 00:00:00,81.0
2008-12-03 00:00:00,82.0
2008-12-04 00:00:00,83.0
2008-12-05 00:00:00,76.0
2008-12-06 00:00:00,71.0
2008-12-07 00:00:00,73.0
2008-12-08 07:00:00,78.0
2008-12-09 06:00:00,80.0
2008-12-10 00:00:00,80.0
2008-12-11 00:00:00,76.0
2008-12-12 00:00:00,88.0
2008-12-13 00:00:00,79.0
2008-12-14 06:00:00,77.0
2008-12-15 00:00:00,76.0
2008-12-16 00:00:00,83.0
2008-12-17 00:00:00,81.0
2008-12-18 00:00:00,75.0
2008-12-19 00:00:00,77.0
2008-12-20 00:00:00,81.0
2008-12-21 00:00:00,82.0
2008-12-22 00:00:00,83.0
2008-12-23 00:00:00,85.0
2008-12-24 00:00:00,73.0
2008-12-25 00:00:00,80.0
2008-12-26 00:00:00,81.0
2008-12-27 00:00:00,77.0
2008-12-28 00:00:00,80.0
2008-12-29 00:00:00,74.0
2008-12-30 00:00:00,85.0
2008-12-31 00:00:00,89.0
2009-01-01 00:00:00,87.0
2009-01-02 00:00:00,86.0
2009-01-03 00:00:00,85.0
2009-01-04 00:00:00,91.0
2009-01-05 00:00:00,90.0
2009-01-06 00:00:00,88.0
2009-01-07 00:00:00,90.0
2009-01-08 00:00:00,88.0
2009-01-09 00:00:00,87.0
2009-01-10 00:00:00,83.0
2009-01-11 00:00:00,78.0
2009-01-12 00:00:00,79.0
2009-01-13 00:00:00,73.0
2009-01-14 00:00:00,81.0
2009-01-15 00:00:00,79.0
2009-01-16 00:00:00,70.0
2009-01-17 00:00:00,85.0
2009-01-18 00:00:00,87.0
2009-01-19 00:00:00,85.0
2009-01-20 00:00:00,88.0
2009-01-21 00:00:00,89.0
2009-01-22 00:00:00,89.0
2009-01-23 00:00:00,86.0
2009-01-24 00:00:00,87.0
2009-01-25 00:00:00,83.0
2009-01-26 00:00:00,88.0
2009-01-27 00:00:00,84.0
2009-01-28 00:00:00,82.0
2009-01-29 00:00:00,79.0
2009-01-30 00:00:00,84.0
2009-01-31 00:00:00,88.0
2009-02-01 00:00:00,86.0
2009-02-02 00:00:00,82.0
2009-02-03 00:00:00,76.0
2009-02-04 00:00:00,85.0
2009-02-05 00:00:00,86.0
2009-02-06 01:00:00,84.0
2009-02-07 00:00:00,80.0
2009-02-08 00:00:00,83.0
2009-02-09 00:00:00,85.0
2009-02-10 00:00:00,88.0
2009-02-11 00:00:00,83.0
2009-02-12 00:00:00,76.0
2009-02-13 00:00:00,81.0
2009-02-14 00:00:00,85.0
2009-02-15 00:00:00,72.0
2009-02-16 00:00:00,86.0
2009-02-17 00:00:00,82.0
2009-02-18 00:00:00,85.0
2009-02-19 00:00:00,78.0
2009-02-20 00:00:00,81.0
2009-02-21 00:00:00,83.0
2009-02-22 00:00:00,75.0
2009-02-23 00:00:00,73.0
2009-02-24 00:00:00,86.0
2009-02-25 00:00:00,87.0
2009-02-26 00:00:00,87.0
2009-02-27 00:00:00,86.0
2009-02-28 00:00:00,87.0
2009-03-01 00:00:00,87.0
2009-03-02 00:00:00,88.0
2009-03-03 00:00:00,88.0
2009-03-04 00:00:00,87.0
2009-03-05 00:00:00,85.0
2009-03-06 00:00:00,84.0
2009-03-07 00:00:00,83.0
2009-03-08 00:00:00,80.0
2009-03-09 00:00:00,74.0
2009-03-10 00:00:00,77.0
2009-03-11 00:00:00,82.0
2009-03-12 00:00:00,84.0
2009-03-13 00:00:00,86.0
2009-03-14 00:00:00,87.0
2009-03-15 00:00:00,85.0
2009-03-16 00:00:00,81.0
2009-03-17 00:00:00,87.0
2009-03-18 00:00:00,86.0
2009-03-19 00:00:00,87.0
2009-03-20 00:00:00,87.0
2009-03-21 00:00:00,88.0
2009-03-22 00:00:00,88.0
2009-03-23 00:00:00,88.0
2009-03-24 00:00:00,86.0
2009-03-25 00:00:00,89.0
2009-03-26 00:00:00,87.0
2009-03-27 00:00:00,87.0
2009-03-28 00:00:00,89.0
2009-03-29 19:00:00,86.0
2009-03-30 00:00:00,89.0
2009-03-31 17:00:00,80.0
2009-04-21 08:00:00,89.0
2009-04-22 00:00:00,90.0
2009-04-23 00:00:00,89.0
2009-04-24 00:00:00,86.0
2009-04-25 00:00:00,86.0
2009-04-26 00:00:00,85.0
2009-04-27 00:00:00,89.0
2009-04-28 00:00:00,88.0
2009-04-29 00:00:00,85.0
2009-04-30 00:00:00,89.0
2009-05-01 00:00:00,88.0
2009-05-02 00:00:00,89.0
2009-05-03 00:00:00,89.0
2009-05-04 00:00:00,91.0
2009-05-05 00:00:00,90.0
2009-05-06 00:00:00,88.0
2009-05-07 00:00:00,88.0
2009-05-08 00:00:00,89.0
2009-05-09 00:00:00,92.0
2009-05-10 00:00:00,90.0
2009-05-11 00:00:00,79.0
2009-05-12 00:00:00,89.0
2009-05-13 00:00:00,89.0
2009-05-14 00:00:00,90.0
2009-05-15 00:00:00,90.0
2009-05-16 00:00:00,90.0
2009-05-17 00:00:00,89.0
2009-05-18 00:00:00,90.0
2009-05-19 00:00:00,90.0
2009-05-20 00:00:00,89.0
2009-05-21 00:00:00,86.0
2009-05-22 00:00:00,87.0
2009-05-23 00:00:00,88.0
2009-05-24 00:00:00,87.0
2009-05-25 00:00:00,86.0
2009-05-26 00:00:00,86.0
2009-05-27 00:00:00,87.0
2009-05-28 00:00:00,88.0
2009-05-29 00:00:00,89.0
2009-05-30 00:00:00,88.0
2009-05-31 00:00:00,87.0
2009-06-01 00:00:00,88.0
2009-06-02 00:00:00,84.0
2009-06-03 00:00:00,88.0
2009-06-04 00:00:00,89.0
2009-06-05 00:00:00,87.0
2009-06-06 00:00:00,91.0
2009-06-07 00:00:00,89.0
2009-06-08 00:00:00,88.0
2009-06-09 00:00:00,90.0
2009-06-10 00:00:00,89.0
2009-06-11 00:00:00,85.0
2009-06-12 00:00:00,89.0
2009-06-13 00:00:00,88.0
2009-06-14 00:00:00,84.0
2009-06-15 11:00:00,78.0
2009-06-16 00:00:00,85.0
2009-06-17 00:00:00,87.0
2009-06-18 00:00:00,91.0
2009-06-19 00:00:00,89.0
2009-06-20 00:00:00,86.0
2009-06-21 00:00:00,92.0
2009-06-22 00:00:00,94.0
2009-06-23 00:00:00,94.0
2009-06-24 00:00:00,100.0
2009-06-25 00:00:00,100.0
2009-11-05 00:00:00,79.0
2009-11-06 00:00:00,91.0
2009-11-07 02:00:00,92.0
2009-11-08 00:00:00,86.0
2009-11-09 01:00:00,80.0
2009-11-10 00:00:00,82.0
2009-11-11 00:00:00,81.0
2009-11-12 00:00:00,85.0
2009-11-13 00:00:00,85.0
2009-11-14 00:00:00,84.0
2009-11-15 00:00:00,87.0
2009-11-16 01:00:00,84.0
2009-11-17 00:00:00,82.0
2009-11-18 00:00:00,81.0
2009-11-19 00:00:00,84.0
2009-11-20 02:00:00,77.0
2009-11-21 07:00:00,82.0
2009-11-22 00:00:00,80.0
2009-11-23 00:00:00,72.0
2009-11-24 00:00:00,81.0
2009-11-25 07:00:00,83.0
2009-11-26 00:00:00,87.0
2009-11-27 09:00:00,77.0
2009-11-28 00:00:00,85.0
2009-11-29 09:00:00,74.0
2009-12-23 19:00:00,84.0
2009-12-24 00:00:00,86.0
2009-12-25 00:00:00,84.0
2009-12-26 00:00:00,84.0
2009-12-27 10:00:00,76.0
2009-12-28 00:00:00,86.0
2009-12-29 00:00:00,82.0
2009-12-30 00:00:00,84.0
2009-12-31 00:00:00,79.0
2010-01-01 00:00:00,82.0
2010-01-02 00:00:00,88.0
2010-01-03 00:00:00,85.0
2010-01-04 00:00:00,88.0
2010-01-05 00:00:00,90.0
2010-01-06 00:00:00,87.0
2010-01-07 00:00:00,87.0
2010-01-08 00:00:00,80.0
2010-01-12 09:00:00,76.0
2010-01-13 08:00:00,77.0
2010-01-14 00:00:00,84.0
2010-01-15 00:00:00,82.0
2010-01-16 00:00:00,75.0
2010-01-17 00:00:00,78.0
2010-01-18 00:00:00,71.0
2010-01-19 00:00:00,83.0
2010-01-20 00:00:00,80.0
2010-01-21 00:00:00,69.0
2010-01-22 00:00:00,81.0
2010-01-23 00:00:00,88.0
2010-01-24 09:00:00,78.0
2010-01-25 00:00:00,83.0
2010-01-26 00:00:00,80.0
2010-01-27 01:00:00,84.0
2010-01-28 00:00:00,74.0
2010-01-29 00:00:00,79.0
2010-01-30 00:00:00,77.0
2010-01-31 00:00:00,82.0
2010-02-01 00:00:00,83.0
2010-02-02 05:00:00,84.0
2010-02-03 00:00:00,79.0
2010-02-04 00:00:00,84.0
2010-02-05 00:00:00,84.0
2010-02-06 00:00:00,88.0
2010-02-07 00:00:00,89.0
2010-02-08 03:00:00,83.0
2010-02-09 00:00:00,85.0
2010-02-10 00:00:00,86.0
2010-02-11 00:00:00,86.0
2010-02-12 00:00:00,82.0
2010-02-13 00:00:00,88.0
2010-02-14 00:00:00,85.0
2010-02-15 00:00:00,86.0
2010-02-16 10:00:00,78.0
2010-02-17 00:00:00,81.0
2010-02-18 00:00:00,85.0
2010-02-19 00:00:00,84.0
2010-02-20 00:00:00,77.0
2010-02-21 00:00:00,85.0
2010-02-22 00:00:00,84.0
2010-02-23 00:00:00,88.0
2010-02-24 00:00:00,87.0
2010-02-25 00:00:00,84.0
2010-02-26 00:00:00,85.0
2010-02-27 00:00:00,81.0
2010-02-28 00:00:00,84.0
2010-03-01 16:00:00,75.0
2010-03-02 00:00:00,84.0
2010-03-03 00:00:00,86.0
2010-03-04 00:00:00,85.0
2010-03-05 00:00:00,81.0
2010-03-06 00:00:00,84.0
2010-03-07 00:00:00,85.0
2010-03-08 00:00:00,84.0
2010-03-09 00:00:00,85.0
2010-03-10 00:00:00,84.0
2010-03-11 00:00:00,87.0
2010-03-12 00:00:00,86.0
2010-03-13 00:00:00,89.0
2010-03-14 00:00:00,84.0
2010-03-15 00:00:00,84.0
2010-03-16 00:00:00,81.0
2010-03-17 00:00:00,81.0
2010-03-18 00:00:00,91.0
2010-03-19 00:00:00,84.0
2010-03-20 00:00:00,86.0
2010-03-21 00:00:00,86.0
2010-03-22 00:00:00,87.0
2010-03-23 00:00:00,65.0
2010-03-24 00:00:00,82.0
2010-03-25 00:00:00,81.0
2010-03-26 00:00:00,88.0
2010-03-27 00:00:00,85.0
2010-03-28 00:00:00,86.0
2010-03-29 00:00:00,88.0
2010-03-30 09:00:00,83.0
2010-03-31 00:00:00,84.0
2010-04-01 00:00:00,85.0
2010-04-02 00:00:00,82.0
2010-04-03 00:00:00,84.0
2010-04-04 00:00:00,83.0
2010-04-05 00:00:00,85.0
2010-04-06 00:00:00,85.0
2010-04-07 09:00:00,78.0
2010-04-08 00:00:00,86.0
2010-04-09 00:00:00,86.0
2010-04-10 00:00:00,88.0
2010-04-11 00:00:00,86.0
2010-04-12 00:00:00,85.0
2010-04-13 00:00:00,87.0
2010-04-14 00:00:00,88.0
2010-04-15 00:00:00,84.0
2010-04-16 00:00:00,86.0
2010-04-17 01:00:00,88.0
2010-04-18 00:00:00,89.0
2010-04-19 00:00:00,88.0
2010-04-20 05:00:00,92.0
2010-04-21 00:00:00,90.0
2010-04-22 00:00:00,89.0
2010-04-23 00:00:00,88.0
2010-04-24 00:00:00,87.0
2010-04-25 00:00:00,89.0
2010-04-26 00:00:00,89.0
2010-04-27 00:00:00,89.0
2010-04-28 00:00:00,88.0
2010-04-29 00:00:00,88.0
2010-04-30 00:00:00,87.0
2010-05-01 00:00:00,85.0
2010-05-02 00:00:00,85.0
2010-05-03 00:00:00,83.0
2010-05-04 00:00:00,83.0
2010-05-05 00:00:00,82.0
2010-05-06 05:00:00,89.0
2010-05-07 00:00:00,81.0
2010-05-08 00:00:00,86.0
2010-05-09 00:00:00,85.0
2010-05-10 00:00:00,87.0
2010-05-11 00:00:00,84.0
2010-05-12 00:00:00,83.0
2010-05-13 00:00:00,84.0
2010-05-14 00:00:00,87.0
2010-05-15 00:00:00,87.0
2010-05-16 00:00:00,80.0
2010-05-17 00:00:00,87.0
2010-05-18 00:00:00,87.0
2010-05-19 00:00:00,88.0
2010-05-20 00:00:00,86.0
2010-05-21 00:00:00,90.0
2010-05-22 11:00:00,73.0
2010-05-23 00:00:00,83.0
2010-05-24 00:00:00,87.0
2010-05-25 00:00:00,87.0
2010-05-26 00:00:00,88.0
2010-05-27 11:00:00,68.0
2010-05-28 12:00:00,60.0
2010-05-29 00:00:00,79.0
2010-05-30 00:00:00,82.0
2010-05-31 00:00:00,84.0
2010-06-01 00:00:00,83.0
2010-06-02 00:00:00,84.0
2010-06-03 12:00:00,80.0
2010-06-04 00:00:00,85.0
2010-06-05 00:00:00,86.0
2010-06-06 00:00:00,86.0
2010-06-07 00:00:00,88.0
2010-06-08 00:00:00,86.0
2010-06-16 13:00:00,78.0
2010-06-17 00:00:00,84.0
2010-06-18 00:00:00,86.0
2010-06-19 00:00:00,87.0
2010-06-20 00:00:00,89.0
2010-06-21 00:00:00,82.0
2010-06-22 00:00:00,90.0
2010-06-23 00:00:00,82.0
2010-06-24 00:00:00,83.0
2010-06-25 00:00:00,91.0
2010-06-26 00:00:00,87.0
2010-06-27 00:00:00,87.0
2010-06-28 13:00:00,67.0
2010-06-29 00:00:00,83.0
2010-06-30 01:00:00,76.0
2010-07-01 00:00:00,85.0
2010-07-02 00:00:00,89.0
2010-07-03 00:00:00,80.0
2010-07-04 00:00:00,85.0
2010-07-05 00:00:00,87.0
2010-07-06 00:00:00,91.0
2010-07-07 00:00:00,93.0
2010-07-08 12:00:00,76.0
2010-07-09 00:00:00,90.0
2010-07-10 00:00:00,82.0
2010-07-11 00:00:00,89.0
2010-07-12 00:00:00,90.0
2010-07-13 11:00:00,68.0
2010-07-14 00:00:00,82.0
2010-07-15 00:00:00,84.0
2010-07-16 00:00:00,94.0
2010-07-17 00:00:00,93.0
2010-07-18 00:00:00,85.0
2010-07-19 00:00:00,85.0
2010-07-20 00:00:00,84.0
2010-07-21 00:00:00,83.0
2010-07-22 00:00:00,89.0
2010-07-23 00:00:00,85.0
2010-07-24 00:00:00,87.0
2010-07-25 00:00:00,73.0
2010-07-26 00:00:00,82.0
2010-07-27 00:00:00,77.0
2010-07-28 00:00:00,85.0
2010-07-29 00:00:00,90.0
2010-07-30 00:00:00,84.0
2010-07-31 00:00:00,86.0
2010-08-01 00:00:00,92.0
2010-08-02 00:00:00,83.0
2010-08-03 00:00:00,80.0
2010-08-04 00:00:00,87.0
2010-08-05 00:00:00,78.0
2010-08-06 00:00:00,86.0
2010-08-07 00:00:00,85.0
2010-08-08 13:00:00,75.0
2010-08-10 21:00:00,73.0
2010-08-11 11:00:00,74.0
2010-08-12 09:00:00,76.0
2010-08-13 00:00:00,92.0
2010-08-14 00:00:00,88.0
2010-08-15 00:00:00,87.0
2010-08-16 00:00:00,90.0
2010-08-17 00:00:00,85.0
2010-08-18 00:00:00,90.0
2010-08-19 00:00:00,88.0
2010-08-20 00:00:00,74.0
2010-08-21 00:00:00,90.0
2010-08-22 00:00:00,84.0
2010-08-23 00:00:00,86.0
2010-08-24 00:00:00,85.0
2010-08-25 00:00:00,85.0
2010-08-26 00:00:00,90.0
2010-08-27 00:00:00,88.0
2010-08-28 00:00:00,83.0
2010-08-29 00:00:00,81.0
2010-08-30 00:00:00,86.0
2010-08-31 00:00:00,81.0
2010-09-01 00:00:00,92.0
2010-09-02 00:00:00,81.0
2010-09-03 00:00:00,82.0
2010-09-04 00:00:00,80.0
2010-09-05 00:00:00,85.0
2010-09-06 00:00:00,86.0
2010-09-07 00:00:00,88.0
2010-09-08 00:00:00,93.0
2010-09-09 00:00:00,86.0
2010-09-10 00:00:00,83.0
2010-09-11 00:00:00,92.0
2010-09-12 00:00:00,83.0
2010-09-13 00:00:00,89.0
2010-09-15 00:00:00,87.0
2010-09-16 00:00:00,87.0
2010-09-17 00:00:00,87.0
2010-09-18 00:00:00,96.0
2010-09-19 00:00:00,97.0
2010-10-15 00:00:00,88.0
2013-04-12 00:00:00,89.0
2013-04-13 00:00:00,88.0
2013-04-14 00:00:00,89.0
2013-04-15 09:00:00,79.0
2013-04-16 00:00:00,91.0
2013-04-17 00:00:00,89.0
2013-04-18 00:00:00,90.0
2013-04-19 00:00:00,83.0
2013-04-20 00:00:00,89.0
2013-04-21 00:00:00,88.0
2013-04-22 00:00:00,82.0
2013-04-23 00:00:00,81.0
2013-04-24 00:00:00,86.0
2013-04-25 00:00:00,86.0
2013-04-26 00:00:00,83.0
2013-04-27 00:00:00,83.0
2013-04-28 00:00:00,84.0
2013-04-29 00:00:00,89.0
2013-04-30 00:00:00,88.0
2013-05-01 00:00:00,89.0
2013-05-02 00:00:00,87.0
2013-05-03 06:00:00,89.0
2013-05-04 00:00:00,93.0
2013-05-05 00:00:00,84.0
2013-05-06 00:00:00,81.0
2013-05-07 00:00:00,77.0
2013-05-08 00:00:00,85.0
2013-05-09 09:00:00,80.0
2013-05-10 00:00:00,89.0
2013-05-11 00:00:00,88.0
2013-05-12 00:00:00,84.0
2013-05-13 00:00:00,88.0
2013-05-14 00:00:00,88.0
2013-05-15 00:00:00,88.0
2013-05-16 00:00:00,90.0
2013-05-17 00:00:00,90.0
2013-05-18 00:00:00,87.0
2013-05-19 00:00:00,89.0
2013-05-20 00:00:00,89.0
2013-05-21 00:00:00,89.0
2013-05-22 00:00:00,91.0
2013-05-23 00:00:00,90.0
2013-05-24 00:00:00,90.0
2013-05-25 00:00:00,87.0
2013-05-26 00:00:00,85.0
2013-05-27 00:00:00,87.0
2013-05-28 00:00:00,90.0
2013-05-29 00:00:00,89.0
2013-05-30 00:00:00,76.0
2013-05-31 07:00:00,88.0
2013-06-01 09:00:00,95.0
2013-06-02 00:00:00,92.0
2013-06-03 06:00:00,86.0
2013-06-04 00:00:00,91.0
2013-06-05 08:00:00,77.0
2013-06-06 00:00:00,85.0
2013-06-07 00:00:00,89.0
2013-06-08 00:00:00,86.0
2013-06-09 00:00:00,88.0
2013-06-10 00:00:00,75.0
2013-06-11 00:00:00,85.0
2013-06-12 00:00:00,91.0
2013-06-13 00:00:00,87.0
2013-06-14 00:00:00,89.0
2013-06-15 00:00:00,90.0
2013-06-16 00:00:00,90.0
2013-06-17 00:00:00,85.0
2013-06-18 00:00:00,74.0
2013-06-19 00:00:00,80.0
2013-06-20 00:00:00,90.0
2013-06-21 00:00:00,86.0
2013-06-22 00:00:00,83.0
2013-06-23 00:00:00,87.0
2013-06-24 00:00:00,84.0
2013-06-25 00:00:00,88.0
2013-06-26 00:00:00,90.0
2013-06-27 00:00:00,86.0
2013-06-28 00:00:00,79.0
2013-06-29 00:00:00,79.0
2013-06-30 00:00:00,85.0
2013-07-01 00:00:00,84.0
2013-07-02 07:00:00,94.0
2013-07-03 06:00:00,78.0
2013-07-04 00:00:00,83.0
2013-07-05 00:00:00,84.0
2013-07-06 00:00:00,85.0
2013-07-07 00:00:00,84.0
2013-07-08 00:00:00,87.0
2013-07-09 00:00:00,90.0
2013-07-10 00:00:00,87.0
2013-07-11 00:00:00,88.0
2013-07-12 00:00:00,87.0
2013-07-13 00:00:00,89.0
2013-07-14 00:00:00,80.0
2013-07-15 00:00:00,87.0
2013-07-16 00:00:00,89.0
2013-07-17 00:00:00,78.0
2013-07-18 00:00:00,83.0
2013-07-19 00:00:00,92.0
2013-07-20 00:00:00,93.0
2013-07-21 00:00:00,78.0
2013-07-22 00:00:00,83.0
2013-07-23 00:00:00,91.0
2013-07-24 00:00:00,87.0
2013-07-25 00:00:00,82.0
2013-07-26 00:00:00,89.0
2013-07-27 00:00:00,87.0
2013-07-28 00:00:00,89.0
2013-07-29 00:00:00,89.0
2013-07-30 00:00:00,89.0
2013-07-31 00:00:00,91.0
2013-08-01 00:00:00,90.0
2013-08-02 00:00:00,91.0
2013-08-03 00:00:00,85.0
2013-08-04 00:00:00,81.0
2013-08-05 00:00:00,89.0
2013-08-06 00:00:00,89.0
2013-08-07 00:00:00,86.0
2013-08-08 07:00:00,92.0
2013-08-09 07:00:00,82.0
2013-08-10 06:00:00,95.0
2013-08-11 07:00:00,87.0
2013-08-12 10:00:00,84.0
2013-08-13 00:00:00,89.0
2013-08-14 00:00:00,89.0
2013-08-15 00:00:00,89.0
2013-08-16 00:00:00,87.0
2013-08-17 00:00:00,88.0
2013-08-18 00:00:00,91.0
2013-08-19 00:00:00,87.0
2013-08-20 00:00:00,84.0
2013-08-21 00:00:00,89.0
2013-08-22 00:00:00,93.0
2013-08-23 00:00:00,90.0
2013-08-24 00:00:00,88.0
2013-08-25 00:00:00,95.0
2013-08-26 00:00:00,86.0
2013-08-27 00:00:00,91.0
2013-08-28 00:00:00,91.0
2013-08-29 00:00:00,89.0
2013-08-30 00:00:00,89.0
2013-08-31 00:00:00,86.0
2013-09-01 00:00:00,88.0
2013-09-02 00:00:00,85.0
2013-09-03 00:00:00,87.0
2013-09-04 00:00:00,96.0
2013-09-05 00:00:00,88.0
2013-09-06 00:00:00,88.0
2013-09-07 00:00:00,99.0
2013-09-08 00:00:00,90.0
2013-09-09 00:00:00,84.0
2013-09-10 00:00:00,93.0
2013-09-11 00:00:00,97.0
2013-09-12 00:00:00,99.0
2013-09-13 00:00:00,87.0
2013-09-14 00:00:00,85.0
2013-09-15 00:00:00,90.0
2013-09-16 00:00:00,95.0
2013-09-17 00:00:00,89.0
2013-09-18 00:00:00,93.0
2013-09-19 08:00:00,94.0
2013-09-20 00:00:00,92.0
2013-09-21 00:00:00,93.0
2013-09-22 00:00:00,91.0
2013-09-23 00:00:00,96.0
2013-09-24 00:00:00,94.0
2013-09-25 00:00:00,95.0
2013-09-26 00:00:00,94.0
2013-09-27 00:00:00,89.0
2013-09-28 00:00:00,88.0
2013-09-29 00:00:00,97.0
2013-09-30 00:00:00,90.0
2013-10-01 00:00:00,87.0
2013-10-02 00:00:00,94.0
2013-10-03 00:00:00,87.0
2013-10-04 00:00:00,93.0
2013-10-05 00:00:00,91.0
2013-10-06 00:00:00,91.0
2013-10-07 00:00:00,90.0
2013-10-08 00:00:00,92.0
2013-10-09 00:00:00,86.0
2013-10-10 00:00:00,94.0
2013-10-11 00:00:00,90.0
2013-10-12 00:00:00,91.0
2013-10-13 00:00:00,96.0
2013-10-14 00:00:00,95.0
2013-10-15 00:00:00,100.0
2013-10-16 00:00:00,89.0
2013-10-17 00:00:00,88.0
2013-10-18 00:00:00,86.0
2013-10-19 00:00:00,87.0
2013-10-20 00:00:00,90.0
2013-10-21 00:00:00,92.0
2013-10-22 00:00:00,97.0
2013-10-23 00:00:00,93.0
2013-10-24 00:00:00,90.0
2013-10-25 00:00:00,92.0
2013-10-26 00:00:00,95.0
2013-10-27 00:00:00,96.0
2013-10-28 00:00:00,95.0
2013-10-29 00:00:00,87.0
2013-10-30 00:00:00,88.0
2013-10-31 00:00:00,90.0
2013-11-01 00:00:00,94.0
2013-11-02 00:00:00,85.0
2013-11-03 00:00:00,95.0
2013-11-04 00:00:00,92.0
2013-11-05 00:00:00,94.0
2013-11-06 00:00:00,89.0
2013-11-07 00:00:00,87.0
2013-11-08 00:00:00,99.0
2013-11-09 00:00:00,92.0
2013-11-10 00:00:00,90.0
2013-11-11 00:00:00,75.0
2013-11-12 00:00:00,82.0
2013-11-13 00:00:00,86.0
2013-11-14 00:00:00,89.0
2013-11-15 00:00:00,91.0
2013-11-16 00:00:00,93.0
2013-11-17 07:00:00,86.0
2013-11-18 07:00:00,83.0
2013-11-21 07:00:00,97.0
2013-11-22 11:00:00,78.0
2013-11-23 12:00:00,75.0
2013-11-24 09:00:00,80.0
2013-11-26 09:00:00,78.0
2013-11-27 09:00:00,84.0
2013-11-29 09:00:00,77.0
2013-11-30 08:00:00,73.0
2013-12-01 09:00:00,74.0
2013-12-02 12:00:00,74.0
2013-12-03 07:00:00,93.0
2013-12-04 07:00:00,98.0
2013-12-05 07:00:00,84.0
2013-12-06 07:00:00,85.0
2013-12-07 08:00:00,83.0
2013-12-08 10:00:00,76.0
2013-12-09 07:00:00,95.0
2013-12-10 07:00:00,98.0
2013-12-11 07:00:00,88.0
2013-12-12 07:00:00,89.0
2013-12-13 07:00:00,88.0
2013-12-14 08:00:00,86.0
2013-12-15 07:00:00,91.0
2013-12-16 07:00:00,90.0
2013-12-17 07:00:00,86.0
2013-12-18 07:00:00,86.0
2013-12-19 07:00:00,85.0
2013-12-20 07:00:00,73.0
2013-12-21 07:00:00,82.0
2013-12-22 07:00:00,83.0
2013-12-23 07:00:00,86.0
2013-12-24 07:00:00,87.0
2013-12-25 07:00:00,86.0
2013-12-26 07:00:00,88.0
2013-12-27 07:00:00,98.0
2013-12-28 07:00:00,88.0
2013-12-29 07:00:00,87.0
2013-12-30 07:00:00,88.0
2013-12-31 07:00:00,88.0
2014-01-01 07:00:00,81.0
2014-01-02 07:00:00,89.0
2014-01-03 00:00:00,83.0
2014-01-04 00:00:00,89.0
2014-01-05 07:00:00,88.0
2014-01-06 00:00:00,88.0
2014-01-07 00:00:00,91.0
2014-01-08 00:00:00,94.0
2014-01-09 00:00:00,85.0
2014-01-10 00:00:00,74.0
2014-01-11 00:00:00,87.0
2014-01-12 00:00:00,79.0
2014-01-13 00:00:00,86.0
2014-01-14 00:00:00,86.0
2014-01-15 00:00:00,90.0
2014-01-16 00:00:00,89.0
2014-01-17 00:00:00,91.0
2014-01-18 00:00:00,89.0
2014-01-19 00:00:00,92.0
2014-01-20 00:00:00,85.0
2014-01-21 00:00:00,86.0
2014-01-22 00:00:00,83.0
2014-01-23 00:00:00,89.0
2014-01-24 00:00:00,93.0
2014-01-25 00:00:00,90.0
2014-01-26 00:00:00,89.0
2014-01-27 00:00:00,92.0
2014-01-28 00:00:00,90.0
2014-01-29 00:00:00,78.0
2014-01-30 00:00:00,77.0
2014-01-31 00:00:00,74.0
2014-02-01 00:00:00,76.0
2014-02-02 00:00:00,82.0
2014-02-03 00:00:00,95.0
2014-02-04 00:00:00,95.0
2014-02-05 00:00:00,90.0
2014-02-06 00:00:00,88.0
2014-02-07 00:00:00,94.0
2014-02-08 00:00:00,93.0
2014-02-09 00:00:00,90.0
2014-02-10 00:00:00,94.0
2014-02-11 00:00:00,85.0
2014-02-12 00:00:00,81.0
2014-02-13 00:00:00,80.0
2014-02-14 00:00:00,94.0
2014-02-15 00:00:00,93.0
2014-02-16 00:00:00,92.0
2014-02-17 00:00:00,93.0
2014-02-18 00:00:00,91.0
2014-02-19 00:00:00,89.0
2014-02-20 00:00:00,93.0
2014-02-21 00:00:00,90.0
2014-02-22 00:00:00,90.0
2014-02-23 00:00:00,90.0
2014-02-24 00:00:00,93.0
2014-02-25 07:00:00,92.0
2014-02-26 00:00:00,93.0
2014-02-27 00:00:00,94.0
2014-02-28 00:00:00,93.0
2014-03-01 07:00:00,88.0
2014-03-02 00:00:00,89.0
2014-03-03 00:00:00,91.0
2014-03-04 00:00:00,91.0
2014-03-05 05:00:00,90.0
2014-03-06 00:00:00,93.0
2014-03-07 00:00:00,94.0
2014-03-08 00:00:00,93.0
2014-03-09 00:00:00,86.0
2014-03-10 00:00:00,88.0
2014-03-11 00:00:00,87.0
2014-03-12 00:00:00,90.0
2014-03-13 00:00:00,91.0
2014-03-14 00:00:00,91.0
2014-03-15 00:00:00,93.0
2014-03-16 00:00:00,89.0
2014-03-17 00:00:00,92.0
2014-03-18 00:00:00,95.0
2014-03-19 00:00:00,96.0
2014-03-20 00:00:00,94.0
2014-03-21 00:00:00,94.0
2014-03-22 00:00:00,94.0
2014-03-23 00:00:00,94.0
2014-03-24 00:00:00,93.0
2014-03-25 00:00:00,95.0
2014-03-26 00:00:00,93.0
2014-03-27 00:00:00,91.0
2014-03-28 00:00:00,89.0
2014-03-29 00:00:00,79.0
2014-03-30 00:00:00,93.0
2014-03-31 00:00:00,93.0
2014-04-01 00:00:00,91.0
2014-04-02 00:00:00,94.0
2014-04-03 00:00:00,96.0
2014-04-04 00:00:00,95.0
2014-04-05 00:00:00,94.0
2014-04-06 00:00:00,94.0
2014-04-07 00:00:00,95.0
2014-04-08 00:00:00,96.0
2014-04-09 00:00:00,94.0
2014-04-10 00:00:00,91.0
2014-04-11 00:00:00,92.0
2014-04-12 00:00:00,74.0
2014-04-13 00:00:00,93.0
2014-04-14 00:00:00,95.0
2014-04-15 00:00:00,94.0
2014-04-16 00:00:00,93.0
2014-04-17 00:00:00,95.0
2014-04-18 00:00:00,95.0
2014-04-19 00:00:00,96.0
2014-04-20 00:00:00,94.0
2014-04-21 00:00:00,94.0
2014-04-22 00:00:00,96.0
2014-04-23 00:00:00,96.0
2014-04-24 00:00:00,95.0
2014-04-25 00:00:00,95.0
2014-04-26 00:00:00,95.0
2014-04-27 00:00:00,96.0
2014-04-28 00:00:00,93.0
2014-04-29 00:00:00,93.0
2014-04-30 00:00:00,94.0
2014-05-01 00:00:00,95.0
2014-05-02 00:00:00,92.0
2014-05-03 00:00:00,91.0
2014-05-04 00:00:00,92.0
2014-05-05 08:00:00,90.0
2014-05-06 06:00:00,94.0
2014-05-07 06:00:00,98.0
2014-05-08 08:00:00,94.0
2014-05-09 06:00:00,87.0
2014-05-10 07:00:00,93.0
2014-05-11 00:00:00,90.0
2014-05-12 00:00:00,86.0
2014-05-13 00:00:00,93.0
2014-05-14 00:00:00,94.0
2014-05-15 02:00:00,94.0
2014-05-16 01:00:00,98.0
2014-05-17 00:00:00,93.0
2014-05-18 00:00:00,91.0
2014-05-19 00:00:00,95.0
2014-05-20 02:00:00,98.0
2014-05-21 00:00:00,95.0
2014-05-22 00:00:00,92.0
2014-05-23 00:00:00,94.0
2014-05-24 00:00:00,95.0
2014-05-25 00:00:00,91.0
2014-05-26 00:00:00,94.0
2014-05-27 00:00:00,94.0
2014-05-28 00:00:00,97.0
2014-05-29 00:00:00,96.0
2014-05-30 03:00:00,96.0
2014-05-31 00:00:00,95.0
2014-06-01 03:00:00,94.0
2014-06-02 00:00:00,96.0
2014-06-03 00:00:00,92.0
2014-06-04 00:00:00,93.0
2014-06-05 01:00:00,96.0
2014-06-06 00:00:00,93.0
2014-06-07 08:00:00,82.0
2014-06-08 01:00:00,97.0
2014-06-09 00:00:00,95.0
2014-06-10 00:00:00,93.0
2014-06-11 00:00:00,93.0
2014-06-12 00:00:00,95.0
2014-06-13 00:00:00,90.0
2014-06-14 00:00:00,93.0
2014-06-15 06:00:00,97.0
2014-06-16 01:00:00,95.0
2014-06-17 09:00:00,85.0
2014-06-18 09:00:00,84.0
2014-06-19 10:00:00,86.0
2014-06-20 06:00:00,96.0
2014-06-21 08:00:00,95.0
2014-06-22 09:00:00,89.0
2014-06-23 08:00:00,88.0
2014-06-24 00:00:00,93.0
2014-06-25 08:00:00,87.0
2014-06-26 08:00:00,96.0
2014-06-27 06:00:00,92.0
2014-06-28 09:00:00,86.0
2014-06-29 08:00:00,88.0
2014-06-30 06:00:00,94.0
2014-07-01 13:00:00,93.0
2014-07-02 12:00:00,79.0
2014-07-03 05:00:00,87.0
2014-07-04 00:00:00,94.0
2014-07-05 10:00:00,79.0
2014-07-06 10:00:00,83.0
2014-07-07 09:00:00,83.0
2014-07-08 07:00:00,90.0
2014-07-09 12:00:00,78.0
2014-07-10 12:00:00,82.0
2014-07-11 08:00:00,88.0
2014-07-12 13:00:00,81.0
2014-07-13 10:00:00,85.0
2014-07-14 06:00:00,94.0
2014-07-15 09:00:00,88.0
2014-07-16 09:00:00,93.0
2014-07-17 00:00:00,97.0
2014-07-18 06:00:00,94.0
2014-07-19 00:00:00,88.0
2014-07-20 00:00:00,91.0
2014-07-21 08:00:00,93.0
2014-07-22 11:00:00,80.0
2014-07-23 17:00:00,87.0
2014-07-24 16:00:00,88.0
2014-07-25 09:00:00,87.0
2014-07-26 10:00:00,81.0
2014-07-27 09:00:00,87.0
2014-07-28 06:00:00,92.0
2014-07-29 10:00:00,79.0
2014-07-30 07:00:00,96.0
2014-07-31 07:00:00,95.0
2014-08-01 04:00:00,96.0
2014-08-02 07:00:00,97.0
2014-08-03 02:00:00,96.0
2014-08-04 01:00:00,96.0
2014-08-05 00:00:00,93.0
2014-08-06 07:00:00,91.0
2014-08-07 07:00:00,99.0
2014-08-08 07:00:00,97.0
2014-08-09 06:00:00,98.0
2014-08-10 07:00:00,98.0
2014-08-11 06:00:00,100.0
2014-08-12 06:00:00,96.0
2014-08-13 00:00:00,84.0
2014-08-14 01:00:00,91.0
2014-08-15 00:00:00,94.0
2014-08-16 00:00:00,94.0
2014-08-17 00:00:00,10.0
2014-08-18 00:00:00,10.0
2014-08-19 00:00:00,10.0
2014-08-20 00:00:00,10.0
2014-08-21 00:00:00,10.0
2014-08-22 00:00:00,10.0
2014-08-23 00:00:00,10.0
2014-08-24 00:00:00,10.0
2014-08-25 00:00:00,10.0
2014-08-26 06:00:00,99.0
2014-08-27 00:00:00,92.0
2015-03-01 00:00:00,77.0
2015-03-02 00:00:00,77.0
2015-03-03 00:00:00,84.0
2015-03-04 00:00:00,82.0
2015-03-05 00:00:00,86.0
2015-03-06 00:00:00,80.0
2015-03-07 00:00:00,72.0
2015-03-08 00:00:00,84.0
2015-03-09 00:00:00,82.0
2015-03-10 00:00:00,75.0
2015-03-11 00:00:00,78.0
2015-03-12 00:00:00,75.0
2015-03-13 00:00:00,78.0
2015-03-16 12:00:00,76.0
2015-03-17 00:00:00,85.0
2015-03-18 00:00:00,83.0
2015-03-19 00:00:00,83.0
2015-03-20 00:00:00,86.0
2015-03-21 00:00:00,81.0
2015-03-22 00:00:00,81.0
2015-03-23 00:00:00,85.0
2015-03-24 00:00:00,85.0
2015-03-25 00:00:00,83.0
2015-03-26 00:00:00,83.0
2015-03-27 00:00:00,87.0
2015-03-28 00:00:00,88.0
2015-03-29 00:00:00,88.0
2015-03-30 00:00:00,85.0
2015-03-31 00:00:00,83.0
2015-04-01 00:00:00,84.0
2015-04-02 00:00:00,86.0
2015-04-03 00:00:00,85.0
2015-04-04 00:00:00,88.0
2015-04-05 00:00:00,85.0
2015-04-06 00:00:00,84.0
2015-04-07 00:00:00,86.0
2015-04-08 00:00:00,81.0
2015-04-09 00:00:00,85.0
2015-04-10 00:00:00,80.0
2015-04-11 00:00:00,86.0
2015-04-12 00:00:00,89.0
2015-04-13 00:00:00,88.0
2015-04-14 00:00:00,89.0
2015-04-15 00:00:00,87.0
2015-04-16 00:00:00,89.0
2015-04-17 00:00:00,86.0
2015-04-18 00:00:00,88.0
2015-04-19 00:00:00,89.0
2015-04-20 00:00:00,74.0
2015-04-21 00:00:00,83.0
2015-04-22 00:00:00,89.0
2015-04-23 00:00:00,86.0
2015-04-24 00:00:00,87.0
2015-04-25 00:00:00,89.0
2015-04-26 00:00:00,90.0
2015-04-27 00:00:00,92.0
2015-04-28 00:00:00,91.0
2015-04-29 00:00:00,91.0
2015-04-30 00:00:00,90.0
2015-05-01 00:00:00,83.0
2015-05-02 00:00:00,86.0
2015-05-03 00:00:00,84.0
2015-05-04 00:00:00,87.0
2015-05-05 00:00:00,88.0
2015-05-06 00:00:00,77.0
2015-05-07 00:00:00,88.0
2015-05-08 00:00:00,89.0
2015-05-09 00:00:00,88.0
2015-05-10 00:00:00,79.0
2015-05-11 00:00:00,74.0
2015-05-12 00:00:00,73.0
2015-05-13 00:00:00,78.0
2015-05-14 00:00:00,72.0
2015-05-15 00:00:00,75.0
2015-05-16 00:00:00,86.0
2015-05-17 00:00:00,87.0
2015-05-18 00:00:00,87.0
2015-05-19 00:00:00,88.0
2015-05-20 00:00:00,90.0
2015-05-21 00:00:00,91.0
2015-05-22 11:00:00,81.0
2015-05-23 00:00:00,90.0
2015-05-24 00:00:00,84.0
2015-05-25 00:00:00,82.0
2015-05-26 00:00:00,87.0
2015-05-27 00:00:00,87.0
2015-05-28 00:00:00,85.0
2015-05-29 00:00:00,88.0
2015-05-30 00:00:00,95.0
2015-05-31 00:00:00,91.0
2015-06-01 00:00:00,90.0
2015-06-02 00:00:00,92.0
2015-06-03 00:00:00,90.0
2015-06-04 00:00:00,92.0
2015-06-05 00:00:00,93.0
2015-06-06 00:00:00,91.0
2015-06-07 00:00:00,88.0
2015-06-08 00:00:00,93.0
2015-06-09 00:00:00,93.0
2015-06-10 00:00:00,85.0
2015-06-11 00:00:00,89.0
2015-06-12 00:00:00,88.0
2015-06-13 00:00:00,86.0
2015-06-14 00:00:00,85.0
2015-06-15 00:00:00,80.0
2015-06-16 00:00:00,77.0
2015-06-17 00:00:00,88.0
2015-06-18 00:00:00,83.0
2015-06-19 00:00:00,79.0
2015-06-20 00:00:00,85.0
2015-06-21 00:00:00,85.0
2015-06-22 00:00:00,84.0
2015-06-23 00:00:00,91.0
2015-06-24 00:00:00,80.0
2015-06-25 00:00:00,81.0
2015-06-26 00:00:00,79.0
2015-06-27 00:00:00,79.0
2015-06-28 00:00:00,86.0
2015-06-29 00:00:00,81.0
2015-06-30 00:00:00,80.0
2015-07-01 00:00:00,77.0
2015-07-02 00:00:00,78.0
2015-07-03 00:00:00,78.0
2015-07-04 00:00:00,81.0
2015-07-05 00:00:00,81.0
2015-07-06 00:00:00,79.0
2015-07-07 00:00:00,86.0
2015-07-08 00:00:00,89.0
2015-07-09 00:00:00,86.0
2015-07-10 00:00:00,86.0
2015-07-11 00:00:00,85.0
2015-07-12 00:00:00,85.0
2015-07-13 00:00:00,90.0
2015-07-14 00:00:00,87.0
2015-07-15 00:00:00,87.0
2015-07-16 00:00:00,87.0
2015-07-17 00:00:00,88.0
2015-07-18 00:00:00,88.0
2015-07-19 00:00:00,92.0
2015-07-20 00:00:00,84.0
2015-07-21 00:00:00,86.0
2015-07-22 00:00:00,88.0
2015-07-23 00:00:00,88.0
2015-07-24 00:00:00,91.0
2015-07-25 00:00:00,83.0
2015-07-26 00:00:00,86.0
2015-07-27 00:00:00,81.0
2015-07-28 00:00:00,79.0
2015-07-29 00:00:00,78.0
2015-07-30 00:00:00,85.0
2015-07-31 00:00:00,89.0
2015-08-01 00:00:00,92.0
2015-08-02 00:00:00,87.0
2015-08-03 00:00:00,85.0
2015-08-04 00:00:00,81.0
2015-08-05 00:00:00,78.0
2015-08-06 00:00:00,84.0
2015-08-07 00:00:00,90.0
2015-08-08 00:00:00,80.0
2015-08-09 00:00:00,91.0
2015-08-10 00:00:00,89.0
2015-08-11 00:00:00,87.0
2015-08-12 00:00:00,85.0
2015-08-13 00:00:00,87.0
2015-08-14 00:00:00,89.0
2016-05-18 11:00:00,12.0
2016-05-25 11:00:00,9.0
2016-05-28 18:00:00,12.0
2016-05-29 00:00:00,15.0
2016-05-30 00:00:00,90.0
2016-05-31 00:00:00,91.0
2016-06-01 00:00:00,97.0
2016-06-02 00:00:00,88.0
2016-06-03 00:00:00,88.0
2016-06-04 00:00:00,96.0
2016-06-05 00:00:00,92.0
2016-06-06 00:00:00,91.0
2016-06-07 00:00:00,90.0
2016-06-08 00:00:00,91.0
2016-06-09 00:00:00,94.0
2016-06-10 00:00:00,90.0
2016-06-11 08:00:00,77.0
2016-06-12 00:00:00,92.0
2016-06-13 00:00:00,91.0
2016-06-14 00:00:00,95.0
2016-06-15 00:00:00,98.0
2016-06-16 00:00:00,92.0
2016-06-17 00:00:00,85.0
2016-06-18 00:00:00,92.0
2016-06-19 00:00:00,86.0
2016-06-20 00:00:00,90.0
2016-06-21 00:00:00,94.0
2016-06-22 00:00:00,91.0
2016-06-23 00:00:00,91.0
2016-06-24 00:00:00,90.0
2016-06-25 00:00:00,90.0
2016-06-26 00:00:00,94.0
2016-06-27 00:00:00,88.0
2016-06-28 00:00:00,88.0
2016-06-29 00:00:00,93.0
2016-06-30 00:00:00,90.0
2016-07-01 00:00:00,88.0
2016-07-02 00:00:00,94.0
2016-07-03 00:00:00,92.0
2016-07-04 00:00:00,83.0
2016-07-05 00:00:00,90.0
2016-07-06 00:00:00,93.0
2016-07-07 00:00:00,84.0
2016-07-08 00:00:00,90.0
2016-07-09 00:00:00,92.0
2016-07-10 00:00:00,93.0
2016-07-11 00:00:00,91.0
2016-07-12 00:00:00,94.0
2016-07-13 00:00:00,89.0
2016-07-14 00:00:00,90.0
2016-07-15 00:00:00,94.0
2016-07-16 00:00:00,91.0
2016-07-17 00:00:00,85.0
2016-07-18 00:00:00,91.0
2016-07-19 00:00:00,87.0
2016-07-20 00:00:00,87.0
2016-07-21 00:00:00,88.0
2016-07-22 00:00:00,88.0
2016-07-23 00:00:00,91.0
2016-07-24 00:00:00,84.0
2016-07-25 09:00:00,83.0
2016-07-26 00:00:00,91.0
2016-07-27 00:00:00,89.0
2016-07-28 00:00:00,76.0
2016-07-29 00:00:00,79.0
2016-07-30 00:00:00,91.0
2016-07-31 00:00:00,91.0
2016-08-01 00:00:00,86.0
2016-08-02 00:00:00,91.0
2016-08-03 00:00:00,89.0
2016-08-04 00:00:00,94.0
2016-08-05 00:00:00,92.0
2016-08-06 00:00:00,87.0
2016-08-07 00:00:00,87.0
2016-08-08 00:00:00,90.0
2016-08-09 00:00:00,80.0
2016-08-10 00:00:00,89.0
2016-08-11 00:00:00,91.0
2016-08-12 00:00:00,93.0
2016-08-13 00:00:00,91.0
2016-08-14 00:00:00,89.0
2016-08-15 00:00:00,91.0
2016-08-16 00:00:00,90.0
2016-08-17 00:00:00,77.0
2016-08-18 00:00:00,88.0
2016-08-19 00:00:00,94.0
2016-08-20 00:00:00,91.0
2016-08-21 00:00:00,91.0
2016-08-22 00:00:00,83.0
2016-08-23 00:00:00,91.0
2016-08-24 00:00:00,87.0
2016-08-25 00:00:00,91.0
2016-08-26 00:00:00,91.0
2016-08-28 12:00:00,58.0
2016-08-29 00:00:00,89.0
2016-08-30 00:00:00,94.0
2016-08-31 00:00:00,85.0
2016-09-01 00:00:00,93.0
2016-09-02 00:00:00,93.0
2016-09-03 00:00:00,88.0
2016-09-04 00:00:00,85.0
2016-09-05 00:00:00,88.0
2016-09-06 09:00:00,81.0
2016-09-07 00:00:00,89.0
2016-09-08 00:00:00,88.0
2016-09-09 00:00:00,86.0
2016-09-10 00:00:00,90.0
2016-09-11 00:00:00,93.0
2016-09-12 00:00:00,91.0
2016-09-13 00:00:00,95.0
2016-09-14 00:00:00,86.0
2016-09-15 00:00:00,88.0
2016-09-16 00:00:00,94.0
2016-09-17 00:00:00,91.0
2016-09-18 00:00:00,88.0
2016-09-19 00:00:00,89.0
2016-09-20 00:00:00,91.0
2016-09-21 00:00:00,90.0
2016-09-22 00:00:00,93.0
2016-09-23 00:00:00,91.0
2016-09-24 00:00:00,89.0
2016-09-25 00:00:00,91.0
2016-09-26 00:00:00,87.0
2016-09-27 00:00:00,89.0
2016-09-28 00:00:00,89.0
2016-09-29 00:00:00,88.0
2016-09-30 00:00:00,86.0
2016-10-01 00:00:00,90.0
2016-10-02 00:00:00,97.0
2016-10-03 00:00:00,95.0
2016-10-04 00:00:00,89.0
2016-10-05 00:00:00,96.0
2016-10-06 00:00:00,91.0
2016-10-07 00:00:00,88.0
2016-10-08 00:00:00,90.0
2016-10-09 00:00:00,87.0
2016-10-10 00:00:00,90.0
2016-10-11 00:00:00,93.0
2016-10-12 00:00:00,87.0
2016-10-13 00:00:00,99.0
2016-10-14 00:00:00,86.0
2016-10-15 00:00:00,88.0
2016-10-16 00:00:00,92.0
2016-10-17 00:00:00,95.0
2016-10-18 00:00:00,96.0
2016-10-19 00:00:00,100.0
2016-10-20 00:00:00,94.0
2016-10-21 00:00:00,89.0
2016-10-22 00:00:00,90.0
2016-10-23 00:00:00,88.0
2016-10-24 00:00:00,85.0
2016-10-25 00:00:00,84.0
2016-10-26 00:00:00,96.0
2016-10-27 00:00:00,98.0
2016-10-28 00:00:00,96.0
2016-10-29 00:00:00,90.0
2016-10-30 00:00:00,96.0
2016-10-31 00:00:00,94.0
2016-11-01 00:00:00,92.0
2016-11-02 00:00:00,91.0
2016-11-03 00:00:00,99.0
2016-11-04 00:00:00,86.0
2016-11-05 00:00:00,86.0
2016-11-06 00:00:00,94.0
2016-11-07 00:00:00,96.0
2016-11-08 00:00:00,92.0
2016-11-09 00:00:00,94.0
2016-11-10 00:00:00,82.0
2016-11-11 00:00:00,89.0
2016-11-12 00:00:00,99.0
2016-11-13 00:00:00,99.0
2016-11-14 00:00:00,94.0
2016-11-15 00:00:00,93.0
2016-11-16 00:00:00,92.0
2016-11-17 00:00:00,94.0
2016-11-18 00:00:00,93.0
2016-11-19 00:00:00,97.0
2016-11-20 00:00:00,98.0
2016-11-21 00:00:00,96.0
2016-11-22 00:00:00,96.0
2016-11-23 00:00:00,87.0
2016-11-24 00:00:00,88.0
2016-11-25 00:00:00,90.0
2016-11-26 00:00:00,84.0
2016-11-27 00:00:00,97.0
2016-11-28 00:00:00,97.0
2016-11-29 00:00:00,93.0
2016-11-30 00:00:00,88.0
2016-12-01 00:00:00,86.0
2016-12-02 00:00:00,88.0
2016-12-03 00:00:00,97.0
2016-12-04 00:00:00,98.0
2016-12-05 00:00:00,88.0
2016-12-06 00:00:00,83.0
2016-12-07 00:00:00,78.0
2016-12-08 00:00:00,82.0
2016-12-09 00:00:00,84.0
2016-12-10 00:00:00,89.0
2016-12-11 00:00:00,82.0
2016-12-12 00:00:00,81.0
2016-12-13 00:00:00,83.0
2016-12-14 00:00:00,85.0
2016-12-15 00:00:00,75.0
2016-12-16 00:00:00,84.0
2016-12-17 00:00:00,80.0
2016-12-18 00:00:00,79.0
2016-12-19 00:00:00,71.0
2016-12-20 00:00:00,82.0
2016-12-21 00:00:00,85.0
2016-12-22 00:00:00,93.0
2016-12-23 00:00:00,92.0
2016-12-24 00:00:00,91.0
2016-12-25 00:00:00,91.0
2016-12-26 00:00:00,88.0
2016-12-27 00:00:00,77.0
2016-12-28 00:00:00,81.0
2016-12-29 00:00:00,87.0
2016-12-30 00:00:00,90.0
2016-12-31 00:00:00,92.0
2017-01-01 00:00:00,90.0
2017-01-02 00:00:00,83.0
2017-01-03 00:00:00,86.0
2017-01-04 00:00:00,88.0
2017-01-05 00:00:00,93.0
2017-01-06 00:00:00,93.0
2017-01-07 00:00:00,90.0
2017-01-08 00:00:00,92.0
2017-01-09 00:00:00,93.0
2017-01-10 00:00:00,90.0
2017-01-11 00:00:00,84.0
2017-01-12 00:00:00,86.0
2017-01-13 00:00:00,90.0
2017-01-14 00:00:00,85.0
2017-01-15 00:00:00,91.0
2017-01-16 00:00:00,94.0
2017-01-17 00:00:00,76.0
2017-01-18 00:00:00,94.0
2017-01-19 00:00:00,92.0
2017-01-20 00:00:00,97.0
2017-01-21 00:00:00,96.0
2017-01-22 00:00:00,100.0
2017-01-23 00:00:00,100.0
2017-01-24 00:00:00,100.0
2017-01-25 00:00:00,100.0
2017-01-26 00:00:00,100.0
2017-01-27 00:00:00,100.0
2017-01-28 00:00:00,100.0
2017-01-29 00:00:00,100.0
2017-01-30 00:00:00,100.0
2017-01-31 00:00:00,100.0
2017-02-01 00:00:00,100.0
2017-02-02 00:00:00,100.0
2017-02-03 00:00:00,100.0
2017-02-04 00:00:00,100.0
2017-02-05 00:00:00,100.0
2017-02-06 00:00:00,100.0
2017-02-07 00:00:00,100.0
2017-02-08 00:00:00,100.0
2017-02-09 00:00:00,100.0
2017-02-10 00:00:00,100.0
2017-02-11 00:00:00,100.0
2017-02-12 00:00:00,100.0
2017-02-13 00:00:00,100.0
2017-02-14 00:00:00,100.0
2017-02-15 00:00:00,100.0
2017-02-16 00:00:00,100.0
2017-02-17 00:00:00,100.0
2017-02-18 00:00:00,100.0
2017-02-19 00:00:00,100.0
2017-02-20 00:00:00,100.0
2017-02-21 00:00:00,100.0
2017-02-22 00:00:00,100.0
2017-02-23 00:00:00,100.0
2017-02-24 00:00:00,100.0
2017-02-25 00:00:00,100.0
2017-02-26 00:00:00,100.0
2017-02-27 00:00:00,100.0
2017-02-28 00:00:00,100.0
2017-03-01 00:00:00,100.0
2017-03-02 00:00:00,100.0
2017-03-03 00:00:00,100.0
2017-03-04 00:00:00,100.0
2017-03-05 00:00:00,100.0
2017-03-06 00:00:00,100.0
2017-03-07 00:00:00,100.0
2017-03-08 00:00:00,100.0
2017-03-09 00:00:00,100.0
2017-03-10 00:00:00,100.0
2017-03-11 00:00:00,100.0
2017-03-12 00:00:00,100.0
2017-03-13 00:00:00,100.0
2017-03-14 00:00:00,100.0
2017-03-15 00:00:00,100.0
2017-03-16 00:00:00,100.0
2017-03-17 00:00:00,100.0
2017-03-18 11:00:00,100.0
2017-03-19 00:00:00,100.0
2017-03-20 00:00:00,100.0
2017-03-21 00:00:00,100.0
2017-03-22 00:00:00,100.0
2017-03-23 00:00:00,100.0
2017-03-24 00:00:00,100.0
2017-03-25 00:00:00,100.0
2017-03-26 00:00:00,100.0
2017-03-27 00:00:00,100.0
2017-03-28 00:00:00,100.0
2017-03-29 00:00:00,100.0
2017-03-30 00:00:00,100.0
2017-03-31 00:00:00,100.0
2017-04-01 00:00:00,100.0
2017-04-02 00:00:00,100.0
2017-04-03 00:00:00,100.0
2017-04-04 00:00:00,100.0
2017-04-05 00:00:00,100.0
2017-04-06 00:00:00,100.0
2017-04-07 00:00:00,100.0
2017-04-08 00:00:00,100.0
2017-04-09 00:00:00,100.0
2017-04-10 00:00:00,100.0
2017-04-11 00:00:00,100.0
2017-04-12 00:00:00,100.0
2017-04-13 00:00:00,100.0
2017-04-14 00:00:00,100.0
2017-04-15 00:00:00,100.0
2017-04-16 00:00:00,100.0
2017-04-17 00:00:00,100.0
2017-04-18 00:00:00,100.0
2017-04-19 00:00:00,100.0
2017-04-20 00:00:00,100.0
2017-04-21 00:00:00,100.0
2017-04-22 00:00:00,100.0
2017-04-23 00:00:00,100.0
2017-04-24 00:00:00,100.0
2017-04-25 00:00:00,100.0
2017-04-26 00:00:00,100.0
2017-04-27 00:00:00,100.0
2017-04-28 00:00:00,100.0
2017-04-29 00:00:00,100.0
2017-04-30 00:00:00,100.0
2017-05-01 00:00:00,100.0
2017-05-02 00:00:00,100.0
2017-05-03 00:00:00,100.0
2017-05-04 00:00:00,100.0
2017-05-05 00:00:00,100.0
2017-05-06 00:00:00,100.0
2017-05-07 00:00:00,100.0
2017-05-08 00:00:00,100.0
2017-05-09 00:00:00,100.0
2017-05-10 00:00:00,100.0
2017-05-11 00:00:00,100.0
2017-05-12 00:00:00,100.0
2017-05-13 00:00:00,100.0
2017-05-14 00:00:00,100.0
2017-05-15 00:00:00,100.0
2017-05-16 00:00:00,100.0
2017-05-17 00:00:00,100.0
2017-05-18 00:00:00,100.0
2017-05-19 00:00:00,100.0
2017-05-20 00:00:00,100.0
2017-05-21 00:00:00,100.0
2017-05-22 00:00:00,100.0
2017-05-23 00:00:00,100.0
2017-05-24 00:00:00,92.0
2017-05-25 00:00:00,90.0
2017-05-26 00:00:00,86.0
2017-05-27 00:00:00,91.0
2017-05-28 00:00:00,87.0
2017-05-29 00:00:00,87.0
2017-05-30 00:00:00,92.0
2017-05-31 00:00:00,87.0
2017-06-01 00:00:00,89.0
2017-06-02 00:00:00,91.0
2017-06-03 00:00:00,91.0
2017-06-04 00:00:00,90.0
2017-06-05 00:00:00,87.0
2017-06-06 00:00:00,93.0
2017-06-07 00:00:00,90.0
2017-06-08 00:00:00,90.0
2017-06-09 00:00:00,91.0
2017-06-10 00:00:00,87.0
2017-06-11 00:00:00,90.0
2017-06-12 00:00:00,88.0
2017-06-13 00:00:00,89.0
2017-06-14 00:00:00,91.0
2017-06-15 00:00:00,91.0
2017-06-16 00:00:00,89.0
2017-06-17 00:00:00,89.0
2017-06-18 00:00:00,86.0
2017-06-19 00:00:00,93.0
2017-06-20 00:00:00,89.0
2017-06-21 00:00:00,80.0
2017-06-22 00:00:00,90.0
2017-06-23 00:00:00,88.0
2017-06-24 00:00:00,87.0
2017-06-25 00:00:00,88.0
2017-06-26 00:00:00,91.0
2017-06-27 00:00:00,89.0
2017-06-28 00:00:00,89.0
2017-06-29 00:00:00,84.0
2017-06-30 00:00:00,89.0
2017-07-01 00:00:00,89.0
2017-07-02 00:00:00,86.0
2017-07-03 00:00:00,91.0
2017-07-04 00:00:00,91.0
2017-07-05 00:00:00,87.0
2017-07-06 00:00:00,86.0
2017-07-07 00:00:00,89.0
2017-07-08 00:00:00,89.0
2017-07-09 00:00:00,91.0
2017-07-10 00:00:00,90.0
2017-07-11 00:00:00,94.0
2017-07-12 00:00:00,93.0
2017-07-13 00:00:00,88.0
2017-07-14 00:00:00,89.0
2017-07-15 00:00:00,89.0
2017-07-16 00:00:00,93.0
2017-07-17 00:00:00,88.0
2017-07-18 00:00:00,88.0
2017-07-19 00:00:00,88.0
2017-07-20 00:00:00,87.0
2017-07-21 00:00:00,91.0
2017-07-22 00:00:00,85.0
2017-07-23 00:00:00,89.0
2017-07-24 00:00:00,89.0
2017-07-25 00:00:00,86.0
2017-07-26 00:00:00,91.0
2017-07-27 00:00:00,89.0
2017-07-28 00:00:00,92.0
2017-07-29 00:00:00,90.0
2017-07-30 00:00:00,89.0
2017-07-31 00:00:00,91.0
2017-08-01 00:00:00,91.0
2017-08-02 00:00:00,85.0
2017-08-03 00:00:00,84.0
2017-08-04 00:00:00,86.0
2017-08-05 00:00:00,93.0
2017-08-06 00:00:00,89.0
2017-08-07 00:00:00,90.0
2017-08-08 00:00:00,89.0
2017-08-09 00:00:00,91.0
2017-08-10 00:00:00,92.0
2017-08-11 00:00:00,93.0
2017-08-12 00:00:00,94.0
2017-08-13 00:00:00,92.0
2017-08-14 00:00:00,87.0
2017-08-15 00:00:00,89.0
2017-08-16 00:00:00,88.0
2017-08-17 00:00:00,88.0
2017-08-18 00:00:00,89.0
2017-08-19 00:00:00,87.0
2017-08-20 00:00:00,92.0
2017-08-21 00:00:00,95.0
2017-08-22 00:00:00,93.0
2017-08-23 00:00:00,87.0
2017-08-24 00:00:00,92.0
2017-08-25 00:00:00,93.0
2017-08-26 00:00:00,90.0
2017-08-27 00:00:00,86.0
2017-08-28 00:00:00,89.0
2017-08-29 00:00:00,93.0
2017-08-30 00:00:00,84.0
2017-08-31 00:00:00,85.0
2017-09-01 00:00:00,89.0
2017-09-02 00:00:00,88.0
2017-09-03 00:00:00,86.0
2017-09-04 00:00:00,93.0
2017-09-05 00:00:00,87.0
2017-09-06 00:00:00,85.0
2017-09-07 00:00:00,86.0
2017-09-08 00:00:00,92.0
2017-09-09 00:00:00,91.0
2017-09-10 00:00:00,93.0
2017-09-11 00:00:00,93.0
2017-09-12 00:00:00,87.0
2017-09-13 00:00:00,86.0
2017-09-14 00:00:00,90.0
2017-09-15 00:00:00,94.0
2017-09-16 00:00:00,87.0
2017-09-17 00:00:00,92.0
2017-09-18 00:00:00,93.0
2017-09-19 00:00:00,91.0
2017-09-20 00:00:00,84.0
2017-09-21 00:00:00,79.0
2017-09-22 00:00:00,90.0
2017-09-23 00:00:00,89.0
2017-09-24 00:00:00,97.0
2017-09-25 00:00:00,91.0
2017-09-26 00:00:00,95.0
2017-09-27 00:00:00,85.0
2017-09-28 00:00:00,91.0
2017-09-29 00:00:00,82.0
2017-09-30 00:00:00,92.0
2017-10-01 00:00:00,95.0
2017-10-02 00:00:00,95.0
2017-10-03 00:00:00,92.0
2017-10-04 00:00:00,96.0
2017-10-05 00:00:00,89.0
2017-10-06 00:00:00,87.0
2017-10-07 00:00:00,91.0
2017-10-08 00:00:00,88.0
2017-10-09 00:00:00,82.0
2017-10-10 00:00:00,89.0
2017-10-11 00:00:00,89.0
2017-10-12 00:00:00,88.0
2017-10-13 00:00:00,86.0
2017-10-14 00:00:00,86.0
2017-10-15 00:00:00,88.0
2017-10-16 00:00:00,92.0
2017-10-17 00:00:00,92.0
2017-10-18 00:00:00,91.0
2017-10-19 00:00:00,91.0
2017-10-20 00:00:00,90.0
2017-10-21 00:00:00,91.0
2017-10-22 00:00:00,93.0
2017-10-23 00:00:00,92.0
2017-10-24 00:00:00,87.0
2017-10-25 01:00:00,90.0
2017-10-26 14:00:00,71.0
2017-10-27 00:00:00,84.0
2017-10-28 00:00:00,94.0
2017-10-29 00:00:00,91.0
2017-10-30 00:00:00,88.0
2017-10-31 00:00:00,83.0
2017-11-01 00:00:00,84.0
2017-11-02 00:00:00,84.0
2017-11-03 00:00:00,83.0
2017-11-04 00:00:00,85.0
2017-11-05 00:00:00,96.0
2017-11-06 00:00:00,93.0
2017-11-07 00:00:00,86.0
2017-11-08 00:00:00,91.0
2017-11-09 00:00:00,93.0
2017-11-10 00:00:00,85.0
2017-11-11 00:00:00,92.0
2017-11-12 00:00:00,88.0
2017-11-13 00:00:00,88.0
2017-11-14 00:00:00,90.0
2017-11-15 00:00:00,91.0
2017-11-16 00:00:00,85.0
2017-11-17 00:00:00,92.0
2017-11-18 00:00:00,94.0
2017-11-19 00:00:00,88.0
2017-11-20 00:00:00,89.0
2017-11-21 00:00:00,86.0
2017-11-22 00:00:00,91.0
2017-11-23 00:00:00,96.0
2017-11-24 00:00:00,87.0
2017-11-25 00:00:00,85.0
2017-11-26 00:00:00,90.0
2017-11-27 00:00:00,84.0
2017-11-28 00:00:00,95.0
2017-11-29 00:00:00,88.0
2017-11-30 00:00:00,86.0
2017-12-01 00:00:00,85.0
2017-12-02 00:00:00,79.0
2017-12-03 00:00:00,83.0
2017-12-04 00:00:00,85.0
2017-12-05 00:00:00,85.0
2017-12-06 00:00:00,84.0
2017-12-07 00:00:00,89.0
2017-12-08 00:00:00,93.0
2017-12-09 00:00:00,93.0
2017-12-10 00:00:00,93.0
2017-12-11 00:00:00,89.0
2017-12-12 00:00:00,81.0
2017-12-13 00:00:00,86.0
2017-12-14 00:00:00,82.0
2017-12-15 00:00:00,89.0
2017-12-16 00:00:00,75.0
2017-12-17 00:00:00,76.0
2017-12-18 00:00:00,75.0
2017-12-19 00:00:00,80.0
2017-12-20 00:00:00,75.0
2017-12-21 00:00:00,79.0
2017-12-22 00:00:00,73.0
2017-12-23 00:00:00,84.0
2017-12-25 21:00:00,85.0
2017-12-26 00:00:00,85.0
2017-12-27 00:00:00,87.0
2017-12-28 00:00:00,85.0
2017-12-29 00:00:00,90.0
2017-12-30 00:00:00,92.0
2017-12-31 00:00:00,89.0
2018-01-01 00:00:00,89.0
2018-01-02 00:00:00,91.0
2018-01-03 00:00:00,91.0
2018-01-04 00:00:00,92.0
2018-01-05 00:00:00,92.0
2018-01-06 00:00:00,89.0
2018-01-07 00:00:00,87.0
2018-01-08 00:00:00,87.0
2018-01-09 00:00:00,89.0
2018-01-10 00:00:00,86.0
2018-01-11 00:00:00,88.0
2018-01-12 00:00:00,90.0
2018-01-13 00:00:00,88.0
2018-01-14 00:00:00,87.0
2018-01-15 00:00:00,85.0
2018-01-16 00:00:00,88.0
2018-01-17 00:00:00,91.0
2018-01-18 00:00:00,88.0
2018-01-19 00:00:00,88.0
2018-01-20 00:00:00,87.0
2018-01-21 00:00:00,80.0
2018-01-22 00:00:00,83.0
2018-01-23 00:00:00,82.0
2018-01-24 00:00:00,85.0
2018-01-25 00:00:00,77.0
2018-01-26 00:00:00,87.0
2018-01-27 00:00:00,79.0
2018-01-28 00:00:00,79.0
2018-01-29 00:00:00,79.0
2018-01-30 00:00:00,84.0
2018-01-31 00:00:00,89.0
2018-02-01 00:00:00,87.0
2018-02-02 00:00:00,87.0
2018-02-03 00:00:00,82.0
2018-02-04 00:00:00,86.0
2018-02-05 00:00:00,88.0
2018-02-06 00:00:00,87.0
2018-02-07 00:00:00,77.0
2018-02-08 00:00:00,83.0
2018-02-09 00:00:00,77.0
2018-02-10 00:00:00,84.0
2018-02-11 00:00:00,84.0
2018-02-12 00:00:00,81.0
2018-02-13 00:00:00,83.0
2018-02-14 00:00:00,76.0
2018-02-15 00:00:00,86.0
2018-02-16 00:00:00,82.0
2018-02-17 00:00:00,84.0
2018-02-18 00:00:00,82.0
2018-02-19 00:00:00,79.0
2018-02-20 00:00:00,77.0
2018-02-21 00:00:00,82.0
2018-02-22 00:00:00,80.0
2018-02-23 00:00:00,83.0
2018-02-24 00:00:00,87.0
2018-02-25 00:00:00,88.0
2018-02-26 00:00:00,85.0
2018-02-27 00:00:00,83.0
2018-02-28 00:00:00,85.0
2018-03-01 00:00:00,88.0
2018-03-02 00:00:00,85.0
2018-03-03 00:00:00,87.0
2018-03-04 00:00:00,88.0
2018-03-05 00:00:00,81.0
2018-03-06 00:00:00,82.0
2018-03-07 00:00:00,86.0
2018-03-08 00:00:00,83.0
2018-03-09 00:00:00,89.0
2018-03-10 00:00:00,85.0
2018-03-11 00:00:00,84.0
2018-03-12 00:00:00,87.0
2018-03-13 03:00:00,89.0
2018-03-14 00:00:00,86.0
2018-03-15 00:00:00,86.0
2018-03-16 00:00:00,89.0
2018-03-17 00:00:00,87.0
2018-03-18 00:00:00,86.0
2018-03-19 00:00:00,87.0
2018-03-20 00:00:00,86.0
2018-03-21 00:00:00,86.0
2018-03-22 00:00:00,88.0
2018-03-23 00:00:00,89.0
2018-03-24 00:00:00,90.0
2018-03-25 00:00:00,85.0
2018-03-26 00:00:00,88.0
2018-03-27 00:00:00,89.0
2018-03-28 00:00:00,88.0
2018-03-29 05:00:00,87.0
2018-03-30 00:00:00,88.0
2018-03-31 00:00:00,87.0
2018-04-01 00:00:00,84.0
2018-04-02 00:00:00,86.0
2018-04-03 00:00:00,89.0
2018-04-04 00:00:00,85.0
2018-04-05 00:00:00,87.0
2018-04-06 00:00:00,87.0
2018-04-07 00:00:00,87.0
2018-04-08 00:00:00,84.0
2018-04-09 00:00:00,87.0
2018-04-10 00:00:00,88.0
2018-04-11 00:00:00,88.0
2018-04-12 00:00:00,88.0
2018-04-13 00:00:00,86.0
2018-04-14 00:00:00,89.0
2018-04-15 00:00:00,88.0
2018-04-16 00:00:00,89.0
2018-04-17 00:00:00,89.0
2018-04-18 00:00:00,90.0
2018-04-19 00:00:00,87.0
2018-04-20 00:00:00,88.0
2018-04-21 00:00:00,90.0
2018-04-22 00:00:00,90.0
2018-04-23 00:00:00,90.0
2018-04-24 00:00:00,89.0
2018-04-25 00:00:00,90.0
2018-04-26 00:00:00,88.0
2018-04-27 00:00:00,89.0
2018-04-28 00:00:00,88.0
2018-04-29 00:00:00,94.0
2018-04-30 00:00:00,88.0
2018-05-01 00:00:00,88.0
2018-05-02 00:00:00,89.0
2018-05-03 00:00:00,90.0
2018-05-04 00:00:00,83.0
2018-05-05 00:00:00,92.0
2018-05-06 00:00:00,92.0
2018-05-07 00:00:00,89.0
2018-05-08 00:00:00,94.0
2018-05-09 00:00:00,90.0
2018-05-10 00:00:00,89.0
2018-05-11 00:00:00,88.0
2018-05-12 00:00:00,88.0
2018-05-13 00:00:00,88.0
2018-05-14 00:00:00,89.0
2018-05-15 00:00:00,95.0
2018-05-16 00:00:00,91.0
2018-05-17 00:00:00,90.0
2018-05-18 00:00:00,90.0
2018-05-19 00:00:00,91.0
2018-05-20 00:00:00,89.0
2018-05-21 00:00:00,90.0
2018-05-22 00:00:00,94.0
2018-05-23 00:00:00,93.0
2018-05-24 00:00:00,91.0
2018-05-25 00:00:00,92.0
2018-05-26 00:00:00,90.0
2018-05-27 00:00:00,95.0
2018-05-28 00:00:00,89.0
2018-05-29 00:00:00,95.0
2018-05-30 00:00:00,90.0
2018-05-31 00:00:00,89.0
2018-06-01 00:00:00,91.0
2018-06-02 00:00:00,93.0
2018-06-03 00:00:00,93.0
2018-06-04 00:00:00,90.0
2018-06-05 00:00:00,90.0
2018-06-06 00:00:00,91.0
2018-06-07 00:00:00,90.0
2018-06-08 00:00:00,87.0
2018-06-09 00:00:00,80.0
2018-06-10 00:00:00,90.0
2018-06-11 00:00:00,92.0
2018-06-12 00:00:00,93.0
2018-06-13 00:00:00,90.0
2018-06-14 00:00:00,88.0
2018-06-15 00:00:00,88.0
2018-06-16 00:00:00,90.0
2018-06-17 00:00:00,90.0
2018-06-18 00:00:00,91.0
2018-06-20 00:00:00,94.0
2018-06-21 00:00:00,90.0
2018-06-22 00:00:00,87.0
2018-06-23 00:00:00,89.0
2018-06-24 00:00:00,73.0
2018-06-25 00:00:00,88.0
2018-06-26 00:00:00,91.0
2018-06-27 00:00:00,89.0
2018-06-28 00:00:00,88.0
2018-06-29 00:00:00,87.0
2018-06-30 00:00:00,90.0
2018-07-01 00:00:00,87.0
2018-07-02 00:00:00,92.0
2018-07-03 00:00:00,94.0
2018-07-04 00:00:00,90.0
2018-07-05 00:00:00,89.0
2018-07-06 00:00:00,85.0
2018-07-07 00:00:00,86.0
2018-07-08 00:00:00,90.0
2018-07-09 00:00:00,90.0
2018-07-10 00:00:00,89.0
2018-07-11 00:00:00,91.0
2018-07-12 00:00:00,89.0
2018-07-13 00:00:00,86.0
2018-07-14 00:00:00,87.0
2018-07-15 00:00:00,88.0
2018-07-16 00:00:00,89.0
2018-07-17 00:00:00,91.0
2018-07-18 00:00:00,86.0
2018-07-19 00:00:00,87.0
2018-07-20 00:00:00,91.0
2018-07-22 00:00:00,84.0
2018-07-23 00:00:00,88.0
2018-07-24 00:00:00,91.0
2018-07-25 00:00:00,90.0
2018-07-26 00:00:00,90.0
2018-07-27 00:00:00,90.0
2018-07-28 00:00:00,91.0
2018-07-29 00:00:00,87.0
2018-07-30 00:00:00,90.0
2018-07-31 00:00:00,88.0
2018-08-01 00:00:00,93.0
2018-08-02 00:00:00,90.0
2018-08-03 00:00:00,88.0
2018-08-04 00:00:00,89.0
2018-08-05 00:00:00,86.0
2018-08-06 00:00:00,88.0
2018-08-07 00:00:00,89.0
2018-08-08 00:00:00,88.0
2018-08-09 00:00:00,86.0
2018-08-10 00:00:00,90.0
2018-08-11 00:00:00,91.0
2018-08-12 00:00:00,90.0
2018-08-13 00:00:00,83.0
2018-08-14 00:00:00,86.0
2018-08-15 00:00:00,87.0
2018-08-16 00:00:00,88.0
2018-08-17 00:00:00,86.0
2018-08-18 00:00:00,89.0
2018-08-19 00:00:00,90.0
2018-08-20 00:00:00,87.0
2018-08-21 00:00:00,90.0
2018-08-22 00:00:00,88.0
2018-08-23 00:00:00,89.0
2018-08-24 00:00:00,96.0
2018-08-25 00:00:00,90.0
2018-08-26 00:00:00,89.0
2018-08-27 00:00:00,90.0
2018-08-28 00:00:00,91.0
2018-08-29 00:00:00,89.0
2018-08-30 00:00:00,87.0
2018-08-31 00:00:00,90.0
2018-09-01 00:00:00,91.0
2018-09-02 00:00:00,89.0
2018-09-03 00:00:00,90.0
2018-09-04 00:00:00,87.0
2018-09-05 00:00:00,93.0
2018-09-06 00:00:00,93.0
2018-09-07 00:00:00,94.0
2018-09-08 00:00:00,92.0
2018-09-09 00:00:00,89.0
2018-09-10 00:00:00,93.0
2018-09-11 00:00:00,86.0
2018-09-12 00:00:00,88.0
2018-09-13 00:00:00,88.0
2018-09-14 00:00:00,84.0
2018-09-15 00:00:00,92.0
2018-09-16 00:00:00,89.0
2018-09-17 00:00:00,89.0
2018-09-18 00:00:00,93.0
2018-09-19 00:00:00,89.0
2018-09-20 00:00:00,89.0
2018-09-21 00:00:00,91.0
2018-09-22 00:00:00,89.0
2018-09-23 00:00:00,89.0
2018-09-24 00:00:00,89.0
2018-09-25 00:00:00,89.0
2018-09-26 00:00:00,89.0
2018-09-27 00:00:00,91.0
2018-09-28 00:00:00,90.0
2018-09-29 00:00:00,88.0
2018-09-30 00:00:00,85.0
2018-10-01 00:00:00,92.0
2018-10-02 00:00:00,93.0
2018-10-03 00:00:00,95.0
2018-10-04 00:00:00,81.0
2018-10-05 00:00:00,94.0
2018-10-06 00:00:00,89.0
2018-10-07 00:00:00,92.0
2018-10-08 00:00:00,93.0
2018-10-09 00:00:00,95.0
2018-10-10 00:00:00,87.0
2018-10-11 00:00:00,91.0
2018-10-12 00:00:00,93.0
2018-10-13 00:00:00,94.0
2018-10-14 00:00:00,92.0
2018-10-15 00:00:00,85.0
2018-10-16 00:00:00,85.0
2018-10-17 00:00:00,93.0
2018-10-18 00:00:00,88.0
2018-10-19 00:00:00,89.0
2018-10-20 00:00:00,88.0
2018-10-21 00:00:00,83.0
2018-10-22 00:00:00,97.0
2018-10-23 00:00:00,85.0
2018-10-24 00:00:00,89.0
2018-10-25 00:00:00,91.0
2018-10-26 00:00:00,86.0
2018-10-27 00:00:00,89.0
2018-10-28 00:00:00,91.0
2018-10-29 00:00:00,89.0
2018-10-30 00:00:00,84.0
2018-10-31 00:00:00,88.0
2018-11-01 00:00:00,90.0
2018-11-02 00:00:00,92.0
2018-11-03 00:00:00,87.0
2018-11-04 00:00:00,93.0
2018-11-05 00:00:00,87.0
2018-11-06 00:00:00,85.0
2018-11-07 00:00:00,84.0
2018-11-08 00:00:00,89.0
2018-11-09 00:00:00,89.0
2018-11-10 00:00:00,90.0
2018-11-11 00:00:00,88.0
2018-11-12 00:00:00,89.0
2018-11-13 00:00:00,90.0
2018-11-14 00:00:00,93.0
2018-11-15 00:00:00,92.0
2018-11-16 00:00:00,83.0
2018-11-17 00:00:00,87.0
2018-11-18 00:00:00,90.0
2018-11-19 00:00:00,87.0
2018-11-20 00:00:00,91.0
2018-11-21 00:00:00,91.0
2018-11-22 00:00:00,91.0
2018-11-23 00:00:00,90.0
2018-11-24 00:00:00,88.0
2018-11-25 00:00:00,91.0
2018-11-26 00:00:00,86.0
2018-11-27 00:00:00,89.0
2018-11-28 00:00:00,90.0
2018-11-29 00:00:00,87.0
2018-11-30 00:00:00,84.0
2018-12-01 00:00:00,82.0
2018-12-02 00:00:00,78.0
2018-12-03 00:00:00,79.0
2018-12-04 00:00:00,80.0
2018-12-05 00:00:00,86.0
2018-12-06 00:00:00,84.0
2018-12-07 00:00:00,76.0
2018-12-08 00:00:00,80.0
2018-12-09 00:00:00,87.0
2018-12-10 00:00:00,79.0
2018-12-11 00:00:00,81.0
2018-12-12 00:00:00,90.0
2018-12-13 00:00:00,90.0
2018-12-14 00:00:00,83.0
2018-12-15 00:00:00,77.0
2018-12-16 00:00:00,75.0
2018-12-17 00:00:00,78.0
2018-12-18 00:00:00,90.0
2018-12-19 00:00:00,88.0
2018-12-20 00:00:00,91.0
2018-12-21 00:00:00,91.0
2018-12-22 00:00:00,88.0
2018-12-23 00:00:00,87.0
2018-12-24 00:00:00,70.0
2018-12-25 00:00:00,81.0
2018-12-26 00:00:00,81.0
2018-12-27 00:00:00,76.0
2018-12-28 00:00:00,81.0
2018-12-29 00:00:00,78.0
2018-12-30 00:00:00,68.0
2018-12-31 00:00:00,81.0
2019-01-01 00:00:00,80.0
2019-01-02 00:00:00,82.0
2019-01-03 00:00:00,81.0
2019-01-04 00:00:00,85.0
2019-01-05 00:00:00,84.0
2019-01-06 00:00:00,88.0
2019-01-07 00:00:00,89.0
2019-01-08 00:00:00,90.0
2019-01-09 00:00:00,89.0
2019-01-10 00:00:00,88.0
2019-01-11 00:00:00,83.0
2019-01-12 00:00:00,85.0
2019-01-13 00:00:00,87.0
2019-01-14 00:00:00,85.0
2019-01-15 00:00:00,75.0
2019-01-16 00:00:00,84.0
2019-01-17 00:00:00,89.0
2019-01-18 00:00:00,89.0
2019-01-19 00:00:00,91.0
2019-01-20 00:00:00,88.0
2019-01-21 00:00:00,90.0
2019-01-22 00:00:00,90.0
2019-01-23 00:00:00,85.0
2019-01-24 00:00:00,79.0
2019-01-25 00:00:00,82.0
2019-01-26 00:00:00,86.0
2019-01-27 00:00:00,88.0
2019-01-28 00:00:00,90.0
2019-01-29 00:00:00,87.0
2019-01-30 00:00:00,85.0
2019-01-31 00:00:00,81.0
2019-02-01 00:00:00,86.0
2019-02-02 00:00:00,88.0
2019-02-03 00:00:00,87.0
2019-02-04 00:00:00,87.0
2019-02-05 00:00:00,89.0
2019-02-06 00:00:00,85.0
2019-02-07 00:00:00,88.0
2019-02-08 00:00:00,88.0
2019-02-09 00:00:00,87.0
2019-02-10 00:00:00,86.0
2019-02-11 00:00:00,83.0
2019-02-12 00:00:00,78.0
2019-02-13 00:00:00,88.0
2019-02-14 00:00:00,89.0
2019-02-15 00:00:00,91.0
2019-02-16 00:00:00,90.0
2019-02-17 00:00:00,89.0
2019-02-18 00:00:00,89.0
2019-02-19 00:00:00,86.0
2019-02-20 00:00:00,86.0
2019-02-21 00:00:00,88.0
2019-02-22 00:00:00,86.0
2019-02-23 00:00:00,79.0
2019-02-24 00:00:00,76.0
2019-02-25 00:00:00,85.0
2019-02-26 00:00:00,84.0
2019-02-27 00:00:00,75.0
2019-02-28 00:00:00,89.0
2019-03-01 00:00:00,88.0
2019-03-02 00:00:00,88.0
2019-03-03 00:00:00,88.0
2019-03-04 00:00:00,87.0
2019-03-05 00:00:00,88.0
2019-03-06 00:00:00,87.0
2019-03-07 00:00:00,87.0
2019-03-08 00:00:00,87.0
2019-03-09 00:00:00,88.0
2019-03-10 00:00:00,88.0
2019-03-11 00:00:00,88.0
2019-03-12 00:00:00,89.0
2019-03-13 00:00:00,87.0
2019-03-14 00:00:00,90.0
2019-03-15 00:00:00,91.0
2019-03-16 00:00:00,89.0
2019-03-17 00:00:00,89.0
2019-03-18 00:00:00,90.0
2019-03-19 00:00:00,89.0
2019-03-20 00:00:00,87.0
2019-03-21 00:00:00,88.0
2019-03-22 00:00:00,88.0
2019-03-23 00:00:00,87.0
2019-03-24 00:00:00,88.0
2019-03-25 00:00:00,88.0
2019-03-26 00:00:00,89.0
2019-03-27 00:00:00,88.0
2019-03-28 00:00:00,85.0
2019-03-29 00:00:00,87.0
2019-03-30 00:00:00,87.0
2019-03-31 00:00:00,90.0
2019-04-01 00:00:00,89.0
2019-04-02 00:00:00,88.0
2019-04-03 00:00:00,87.0
2019-04-04 00:00:00,85.0
2019-04-05 00:00:00,87.0
2019-04-06 00:00:00,87.0
2019-04-07 00:00:00,87.0
2019-04-08 00:00:00,88.0
2019-04-09 00:00:00,87.0
2019-04-10 00:00:00,87.0
2019-04-11 00:00:00,88.0
2019-04-12 00:00:00,88.0
2019-04-13 00:00:00,86.0
2019-04-14 00:00:00,89.0
2019-04-15 00:00:00,89.0
2019-04-16 00:00:00,89.0
2019-04-17 00:00:00,87.0
2019-04-18 00:00:00,88.0
2019-04-19 00:00:00,88.0
2019-04-20 00:00:00,89.0
2019-04-21 00:00:00,89.0
2019-04-22 00:00:00,88.0
2019-04-23 00:00:00,85.0
2019-04-24 00:00:00,87.0
2019-04-25 00:00:00,89.0
2019-04-26 00:00:00,89.0
2019-04-27 00:00:00,90.0
2019-04-28 00:00:00,90.0
2019-04-29 00:00:00,89.0
2019-04-30 00:00:00,88.0
2019-05-01 00:00:00,88.0
2019-05-02 00:00:00,84.0
2019-05-03 00:00:00,82.0
2019-05-04 00:00:00,88.0
2019-05-05 00:00:00,88.0
2019-05-06 00:00:00,88.0
2019-05-07 00:00:00,88.0
2019-05-08 00:00:00,89.0
2019-05-09 00:00:00,90.0
2019-05-10 00:00:00,90.0
2019-05-11 00:00:00,92.0
2019-05-12 00:00:00,92.0
2019-05-13 00:00:00,89.0
2019-05-14 00:00:00,90.0
2019-05-15 00:00:00,90.0
2019-05-16 00:00:00,91.0
2019-05-17 00:00:00,87.0
2019-05-18 00:00:00,88.0
2019-05-19 00:00:00,89.0
2019-05-20 00:00:00,94.0
2019-05-21 00:00:00,91.0
2019-05-22 00:00:00,90.0
2019-05-23 00:00:00,88.0
2019-05-24 00:00:00,93.0
2019-05-25 00:00:00,89.0
2019-05-26 00:00:00,92.0
2019-05-27 00:00:00,91.0
2019-05-28 00:00:00,91.0
2019-05-29 00:00:00,89.0
2019-05-30 00:00:00,92.0
2019-05-31 00:00:00,92.0
2019-06-01 00:00:00,91.0
2019-06-02 00:00:00,92.0
2019-06-03 00:00:00,89.0
2019-06-04 00:00:00,90.0
2019-06-05 00:00:00,93.0
2019-06-06 00:00:00,93.0
2019-06-07 00:00:00,92.0
2019-06-08 00:00:00,96.0
2019-06-09 00:00:00,90.0
2019-06-10 00:00:00,91.0
2019-06-11 00:00:00,93.0
2019-06-12 00:00:00,94.0
2019-06-13 00:00:00,91.0
2019-06-14 00:00:00,90.0
2019-06-15 00:00:00,91.0
2019-06-16 00:00:00,92.0
2019-06-17 00:00:00,92.0
2019-06-18 00:00:00,85.0
2019-06-19 00:00:00,87.0
2019-06-20 00:00:00,88.0
2019-06-21 00:00:00,86.0
2019-06-22 00:00:00,85.0
2019-06-23 00:00:00,83.0
2019-06-24 00:00:00,92.0
2019-06-25 00:00:00,94.0
2019-06-26 00:00:00,85.0
2019-06-27 00:00:00,76.0
2019-06-28 00:00:00,80.0
2019-06-29 00:00:00,79.0
2019-06-30 00:00:00,76.0
2019-07-01 00:00:00,82.0
2019-07-02 00:00:00,74.0
2019-07-03 00:00:00,85.0
2019-07-04 00:00:00,81.0
2019-07-05 00:00:00,83.0
2019-07-06 00:00:00,87.0
2019-07-07 00:00:00,81.0
2019-07-08 00:00:00,88.0
2019-07-09 00:00:00,83.0
2019-07-10 00:00:00,87.0
2019-07-11 00:00:00,87.0
2019-07-12 00:00:00,85.0
2019-07-13 00:00:00,85.0
2019-07-14 00:00:00,84.0
2019-07-15 00:00:00,83.0
2019-07-16 00:00:00,83.0
2019-07-17 00:00:00,83.0
2019-07-18 00:00:00,83.0
2019-07-19 00:00:00,87.0
2019-07-20 00:00:00,84.0
2019-07-21 00:00:00,74.0
2019-07-22 00:00:00,80.0
2019-07-23 00:00:00,87.0
2019-07-24 00:00:00,87.0
2019-07-25 00:00:00,89.0
2019-07-26 00:00:00,81.0
2019-07-27 00:00:00,88.0
2019-07-28 00:00:00,81.0
2019-07-29 00:00:00,85.0
2019-07-30 00:00:00,84.0
2019-07-31 00:00:00,89.0
2019-08-01 00:00:00,89.0
2019-08-02 00:00:00,88.0
2019-08-03 00:00:00,85.0
2019-08-04 00:00:00,89.0
2019-08-05 00:00:00,86.0
2019-08-06 00:00:00,84.0
2019-08-07 00:00:00,93.0
2019-08-08 00:00:00,87.0
2019-08-09 00:00:00,86.0
2019-08-10 00:00:00,89.0
2019-08-11 00:00:00,74.0
2019-08-12 00:00:00,87.0
2019-08-13 00:00:00,88.0
2019-08-14 00:00:00,89.0
2019-08-15 00:00:00,92.0
2019-08-16 00:00:00,94.0
2019-08-17 00:00:00,83.0
2019-08-18 00:00:00,85.0
2019-08-19 00:00:00,86.0
2019-08-20 00:00:00,89.0
2019-08-21 00:00:00,87.0
2019-08-22 00:00:00,86.0
2019-08-23 00:00:00,85.0
2019-08-24 00:00:00,89.0
2019-08-25 00:00:00,82.0
2019-08-26 00:00:00,88.0
2019-08-27 00:00:00,84.0
2019-08-28 00:00:00,84.0
2019-08-29 00:00:00,89.0
2019-08-30 00:00:00,92.0
2019-08-31 00:00:00,88.0
2019-09-01 00:00:00,88.0
2019-09-02 00:00:00,87.0
2019-09-03 00:00:00,97.0
2019-09-04 00:00:00,90.0
2019-09-05 00:00:00,91.0
2019-09-06 00:00:00,86.0
2019-09-07 00:00:00,89.0
2019-09-08 00:00:00,89.0
2019-09-09 00:00:00,87.0
2019-09-10 00:00:00,90.0
2019-09-11 00:00:00,89.0
2019-09-12 00:00:00,87.0
2019-09-13 00:00:00,90.0
2019-09-14 00:00:00,88.0
2019-09-18 00:00:00,95.0
2019-09-19 00:00:00,92.0
2019-09-20 00:00:00,94.0
2019-09-21 00:00:00,93.0
2019-09-22 00:00:00,95.0
2019-09-23 00:00:00,91.0
2019-09-24 00:00:00,96.0
2019-09-25 00:00:00,99.0
2019-09-26 00:00:00,97.0
2019-09-27 00:00:00,92.0
2019-09-28 00:00:00,94.0
2019-09-29 00:00:00,84.0
2019-09-30 00:00:00,87.0
2019-10-01 00:00:00,99.0
2019-10-02 00:00:00,94.0
2019-10-03 00:00:00,89.0
2019-10-04 00:00:00,98.0
2019-10-05 00:00:00,93.0
2019-10-06 00:00:00,93.0
2019-10-07 00:00:00,88.0
2019-10-08 00:00:00,90.0
2019-10-09 00:00:00,93.0
2019-10-10 00:00:00,95.0
2019-10-11 00:00:00,94.0
2019-10-12 00:00:00,90.0
2019-10-13 00:00:00,88.0
2019-10-14 00:00:00,98.0
2019-10-15 00:00:00,89.0
2019-10-16 00:00:00,90.0
2019-10-17 00:00:00,91.0
2019-10-18 00:00:00,93.0
2019-10-19 00:00:00,97.0
2019-10-20 00:00:00,96.0
2019-10-21 00:00:00,97.0
2019-10-22 00:00:00,97.0
2019-10-23 00:00:00,90.0
2019-10-24 00:00:00,87.0
2019-10-25 00:00:00,100.0
2019-10-26 00:00:00,100.0
2019-10-27 00:00:00,97.0
2019-10-28 00:00:00,92.0
2019-10-29 00:00:00,90.0
2019-10-30 00:00:00,87.0
2019-10-31 00:00:00,92.0
2019-11-01 00:00:00,91.0
2019-11-02 00:00:00,92.0
2019-11-03 00:00:00,90.0
2019-11-04 00:00:00,88.0
2019-11-05 00:00:00,92.0
2019-11-06 00:00:00,94.0
2019-11-07 00:00:00,90.0
2019-11-08 00:00:00,88.0
2019-11-09 00:00:00,96.0
2019-11-10 00:00:00,96.0
2019-11-11 00:00:00,94.0
2019-11-12 00:00:00,94.0
2019-11-13 00:00:00,94.0
2019-11-14 00:00:00,100.0
2019-11-15 00:00:00,89.0
2019-11-16 00:00:00,94.0
2019-11-17 00:00:00,87.0
2019-11-18 00:00:00,86.0
2019-11-19 00:00:00,86.0
2019-11-20 00:00:00,88.0
2019-11-21 00:00:00,87.0
2019-11-22 00:00:00,90.0
2019-11-23 00:00:00,89.0
2019-11-24 00:00:00,90.0
2019-11-25 00:00:00,87.0
2019-11-26 00:00:00,96.0
2019-11-27 00:00:00,91.0
2019-11-28 00:00:00,89.0
2019-11-29 00:00:00,91.0
2019-11-30 00:00:00,95.0
2019-12-01 00:00:00,88.0
2019-12-02 00:00:00,95.0
2019-12-03 00:00:00,98.0
2019-12-04 00:00:00,98.0
2019-12-05 00:00:00,93.0
2019-12-06 00:00:00,95.0
2019-12-07 00:00:00,93.0
2019-12-08 00:00:00,90.0
2019-12-09 00:00:00,92.0
2019-12-10 00:00:00,86.0
2019-12-11 00:00:00,77.0
2019-12-12 00:00:00,89.0
2019-12-13 00:00:00,91.0
2019-12-14 00:00:00,94.0
2019-12-15 00:00:00,95.0
2019-12-16 00:00:00,94.0
2019-12-17 00:00:00,83.0
2019-12-18 00:00:00,99.0
2019-12-19 00:00:00,96.0
2019-12-20 00:00:00,94.0
2019-12-21 00:00:00,86.0
2019-12-22 00:00:00,90.0
2019-12-23 00:00:00,97.0
2019-12-24 00:00:00,98.0
2019-12-25 00:00:00,97.0
2019-12-26 00:00:00,94.0
2019-12-27 00:00:00,94.0
2019-12-28 00:00:00,97.0
2019-12-29 00:00:00,94.0
2019-12-30 00:00:00,85.0
2019-12-31 00:00:00,94.0
2020-01-01 00:00:00,94.0
2020-01-02 00:00:00,93.0
2020-01-03 00:00:00,86.0
2020-01-04 00:00:00,82.0
2020-01-05 00:00:00,92.0
2020-01-06 00:00:00,89.0
2020-01-07 00:00:00,87.0
2020-01-08 00:00:00,92.0
2020-01-09 00:00:00,85.0
2020-01-10 00:00:00,79.0
2020-01-11 00:00:00,84.0
2020-01-12 00:00:00,81.0
2020-01-13 00:00:00,78.0
2020-01-14 00:00:00,79.0
2020-01-15 00:00:00,90.0
2020-01-16 00:00:00,90.0
2020-01-17 00:00:00,89.0
2020-01-18 00:00:00,91.0
2020-01-19 00:00:00,87.0
2020-01-20 00:00:00,90.0
2020-01-21 00:00:00,97.0
2020-01-22 00:00:00,99.0
2020-01-23 00:00:00,94.0
2020-01-24 00:00:00,93.0
2020-01-25 00:00:00,88.0
2020-01-26 00:00:00,88.0
2020-01-27 00:00:00,89.0
2020-01-28 00:00:00,91.0
2020-01-29 00:00:00,91.0
2020-01-30 00:00:00,82.0
2020-01-31 00:00:00,86.0
2020-02-01 00:00:00,95.0
2020-02-02 00:00:00,94.0
2020-02-03 00:00:00,95.0
2020-02-04 00:00:00,80.0
2020-02-05 00:00:00,78.0
2020-02-06 00:00:00,85.0
2020-02-07 00:00:00,93.0
2020-02-08 00:00:00,77.0
2020-02-09 00:00:00,89.0
2020-02-10 00:00:00,85.0
2020-02-11 00:00:00,78.0
2020-02-12 00:00:00,88.0
2020-02-13 00:00:00,92.0
2020-02-14 00:00:00,94.0
2020-02-15 00:00:00,93.0
2020-02-16 00:00:00,94.0
2020-02-17 00:00:00,89.0
2020-02-18 00:00:00,89.0
2020-02-19 00:00:00,85.0
2020-02-20 00:00:00,95.0
2020-02-21 00:00:00,94.0
2020-02-22 00:00:00,97.0
2020-02-23 00:00:00,93.0
2020-02-24 00:00:00,91.0
2020-02-25 00:00:00,93.0
2020-02-26 00:00:00,96.0
2020-02-27 00:00:00,94.0
2020-02-28 00:00:00,93.0
2020-02-29 00:00:00,94.0
2020-03-01 00:00:00,90.0
2020-03-02 00:00:00,94.0
2020-03-03 00:00:00,91.0
2020-03-04 00:00:00,95.0
2020-03-05 00:00:00,82.0
2020-03-06 00:00:00,92.0
2020-03-07 00:00:00,95.0
2020-03-08 00:00:00,84.0
2020-03-09 00:00:00,92.0
2020-03-10 00:00:00,85.0
2020-03-11 00:00:00,96.0
2020-03-12 00:00:00,95.0
2020-03-13 00:00:00,93.0
2020-03-14 00:00:00,91.0
2020-03-15 00:00:00,88.0
2020-03-16 00:00:00,90.0
2020-03-17 00:00:00,90.0
2020-03-18 00:00:00,86.0
2020-03-19 00:00:00,92.0
2020-03-20 00:00:00,95.0
2020-03-21 00:00:00,95.0
2020-03-22 00:00:00,90.0
2020-03-23 00:00:00,93.0
2020-03-24 00:00:00,96.0
2020-03-25 00:00:00,94.0
2020-03-26 00:00:00,94.0
2020-03-27 00:00:00,93.0
2020-03-28 00:00:00,92.0
2020-03-29 00:00:00,92.0
2020-03-30 00:00:00,90.0
2020-03-31 00:00:00,95.0
2020-04-01 00:00:00,91.0
2020-04-02 00:00:00,97.0
2020-04-03 00:00:00,90.0
2020-04-04 00:00:00,95.0
2020-04-05 00:00:00,98.0
2020-04-06 00:00:00,99.0
2020-04-07 00:00:00,99.0
2020-04-08 00:00:00,99.0
2020-04-09 00:00:00,97.0
2020-04-10 00:00:00,98.0
2020-04-11 00:00:00,96.0
2020-04-12 00:00:00,96.0
2020-04-13 00:00:00,95.0
2020-04-14 00:00:00,96.0
2020-04-15 00:00:00,95.0
2020-04-16 00:00:00,94.0
2020-04-17 00:00:00,93.0
2020-04-18 00:00:00,96.0
2020-04-19 00:00:00,96.0
2020-04-20 00:00:00,96.0
2020-04-21 00:00:00,95.0
2020-04-22 00:00:00,93.0
2020-04-23 00:00:00,95.0
2020-04-24 00:00:00,97.0
2020-04-25 00:00:00,98.0
2020-04-26 00:00:00,94.0
2020-04-27 00:00:00,95.0
2020-04-28 00:00:00,96.0
2020-04-29 00:00:00,94.0
2020-04-30 00:00:00,95.0
2020-05-01 00:00:00,95.0
2020-05-02 00:00:00,97.0
2020-05-03 00:00:00,98.0
2020-05-04 00:00:00,98.0
2020-05-05 00:00:00,99.0
2020-05-06 00:00:00,98.0
2020-05-07 00:00:00,99.0
2020-05-08 00:00:00,99.0
2020-05-09 00:00:00,98.0
2020-05-10 00:00:00,99.0
2020-05-11 00:00:00,98.0
2020-05-12 00:00:00,98.0
2020-05-13 00:00:00,96.0
2020-05-14 00:00:00,98.0
2020-05-15 00:00:00,97.0
2020-05-16 00:00:00,98.0
2020-05-17 00:00:00,99.0
2020-05-18 00:00:00,100.0
2020-05-19 00:00:00,95.0
2020-05-20 00:00:00,100.0
2020-05-21 00:00:00,96.0
2020-05-22 00:00:00,98.0
2020-05-23 00:00:00,92.0
2020-05-24 00:00:00,100.0
2020-05-25 00:00:00,100.0
2020-05-26 00:00:00,100.0
2020-05-27 00:00:00,99.0
2020-05-28 00:00:00,96.0
2020-05-29 00:00:00,96.0
2020-05-30 00:00:00,100.0
2020-05-31 00:00:00,100.0
2020-06-01 00:00:00,96.0
2020-06-02 00:00:00,97.0
2020-06-03 00:00:00,88.0
2020-06-04 00:00:00,100.0
2020-06-05 00:00:00,100.0
2020-06-06 00:00:00,100.0
2020-06-07 00:00:00,100.0
2020-06-08 00:00:00,98.0
2020-06-09 00:00:00,100.0
2020-06-10 00:00:00,100.0
2020-06-11 00:00:00,100.0
2020-06-12 00:00:00,98.0
2020-06-13 00:00:00,99.0
2020-06-14 00:00:00,100.0
2020-06-15 00:00:00,100.0
2020-06-16 00:00:00,100.0
2020-06-17 00:00:00,100.0
2020-06-18 00:00:00,97.0
2020-06-19 00:00:00,100.0
2020-06-20 00:00:00,100.0
2020-06-21 00:00:00,100.0
2020-06-22 00:00:00,100.0
2020-06-23 00:00:00,99.0
2020-06-24 00:00:00,100.0
2020-06-25 00:00:00,100.0
2020-06-26 00:00:00,100.0
2020-06-27 00:00:00,100.0
2020-06-28 00:00:00,100.0
2020-06-29 00:00:00,100.0
2020-06-30 00:00:00,100.0
2020-07-01 00:00:00,100.0
2020-07-02 00:00:00,100.0
2020-07-03 00:00:00,100.0
2020-07-04 00:00:00,100.0
2020-07-05 00:00:00,100.0
2020-07-06 00:00:00,100.0
2020-07-07 00:00:00,100.0
2020-07-08 00:00:00,100.0
2020-07-09 00:00:00,100.0
2020-07-10 00:00:00,100.0
2020-07-11 00:00:00,100.0
2020-07-12 00:00:00,100.0
2020-07-13 00:00:00,100.0
2020-07-14 00:00:00,100.0
2020-07-15 00:00:00,100.0
2020-07-16 00:00:00,100.0
2020-07-17 00:00:00,100.0
2020-07-18 00:00:00,100.0
2020-07-19 00:00:00,100.0
2020-07-20 00:00:00,100.0
2020-07-21 00:00:00,100.0
2020-07-22 00:00:00,100.0
2020-07-23 00:00:00,100.0
2020-07-24 00:00:00,100.0
2020-07-25 00:00:00,100.0
2020-07-26 00:00:00,100.0
2020-07-27 00:00:00,100.0
2020-07-28 00:00:00,100.0
2020-07-29 00:00:00,100.0
2020-07-30 00:00:00,100.0
2020-07-31 00:00:00,100.0
2020-08-01 00:00:00,100.0
2020-08-02 00:00:00,100.0
2020-08-03 00:00:00,100.0
2020-08-04 00:00:00,100.0
2020-08-05 00:00:00,100.0
2020-08-06 00:00:00,100.0
2020-08-07 00:00:00,100.0
2020-08-08 00:00:00,100.0
2020-08-09 00:00:00,100.0
2020-08-10 00:00:00,100.0
2020-08-11 00:00:00,100.0
2020-08-12 00:00:00,100.0
2020-08-13 00:00:00,100.0
2020-08-14 00:00:00,100.0
2020-08-15 00:00:00,100.0
2020-08-16 00:00:00,100.0
2020-08-17 00:00:00,100.0
2020-08-18 00:00:00,100.0
2020-08-19 00:00:00,100.0
2020-08-20 00:00:00,100.0
2020-08-21 00:00:00,100.0
2020-08-22 00:00:00,100.0
2020-08-23 00:00:00,100.0
2020-08-24 00:00:00,100.0
2020-08-25 00:00:00,100.0
2020-08-26 00:00:00,100.0
2020-08-27 00:00:00,100.0
2020-08-28 00:00:00,100.0
2020-08-29 00:00:00,100.0
2020-08-30 00:00:00,100.0
2020-08-31 00:00:00,100.0
2020-09-01 00:00:00,100.0
2020-09-02 00:00:00,100.0
2020-09-03 00:00:00,100.0
2020-09-04 00:00:00,100.0
2020-09-05 00:00:00,100.0
2020-09-06 00:00:00,100.0
2020-09-07 00:00:00,100.0
2020-09-08 00:00:00,100.0
2020-09-09 00:00:00,100.0
2020-09-10 00:00:00,100.0
2020-09-11 00:00:00,100.0
2020-09-12 00:00:00,100.0
2020-09-13 00:00:00,100.0
2020-09-14 00:00:00,100.0
2020-09-15 00:00:00,100.0
2020-09-16 00:00:00,100.0
2020-09-17 00:00:00,100.0
2020-09-18 00:00:00,100.0
2020-09-19 00:00:00,100.0
2020-09-20 00:00:00,100.0
2020-09-21 00:00:00,100.0
2020-09-22 00:00:00,100.0
2020-09-23 00:00:00,100.0
2020-09-24 00:00:00,100.0
2020-09-25 00:00:00,100.0
2020-09-26 00:00:00,100.0
2020-09-27 00:00:00,100.0
2020-09-28 00:00:00,100.0
2020-09-29 00:00:00,100.0
2020-09-30 00:00:00,100.0
2020-10-01 00:00:00,100.0
2020-10-02 00:00:00,100.0
2020-10-03 00:00:00,100.0
2020-10-04 00:00:00,100.0
2020-10-05 00:00:00,100.0
2020-10-06 00:00:00,100.0
2020-10-07 00:00:00,100.0
2020-10-08 00:00:00,100.0
2020-10-09 00:00:00,100.0
2020-10-10 00:00:00,100.0
2020-10-11 00:00:00,100.0
2020-10-12 00:00:00,100.0
2020-10-13 00:00:00,100.0
2020-10-14 00:00:00,100.0
2020-10-15 00:00:00,100.0
2020-10-16 00:00:00,100.0
2020-10-17 00:00:00,100.0
2020-10-18 00:00:00,100.0
2020-10-19 00:00:00,100.0
2020-10-20 00:00:00,100.0
2020-10-21 00:00:00,100.0
2020-10-22 00:00:00,100.0
2020-10-23 00:00:00,100.0
2020-10-24 00:00:00,100.0
2020-10-25 00:00:00,100.0
2020-10-26 00:00:00,100.0
2020-10-27 00:00:00,100.0
2020-10-28 00:00:00,100.0
2020-10-29 00:00:00,100.0
2020-10-30 00:00:00,100.0
2020-10-31 00:00:00,100.0
2020-11-01 00:00:00,100.0
2020-11-02 00:00:00,100.0
2020-11-03 00:00:00,100.0
2020-11-04 00:00:00,100.0
2020-11-05 00:00:00,100.0
2020-11-06 00:00:00,100.0
2020-11-07 00:00:00,100.0
2020-11-08 00:00:00,100.0
2020-11-09 00:00:00,100.0
2020-11-10 00:00:00,100.0
2020-11-11 00:00:00,100.0
2020-11-13 00:00:00,100.0
2020-11-14 00:00:00,100.0
2020-11-15 00:00:00,100.0
2020-11-16 00:00:00,100.0
2020-11-17 00:00:00,100.0
2020-11-18 00:00:00,100.0
2020-11-19 00:00:00,100.0
2020-11-20 00:00:00,100.0
2020-11-21 00:00:00,100.0
2020-11-22 00:00:00,100.0
2020-11-23 00:00:00,100.0
2020-11-24 00:00:00,100.0
2020-11-25 00:00:00,100.0
2020-11-26 00:00:00,100.0
2020-11-27 00:00:00,100.0
2020-11-28 00:00:00,100.0
2020-11-29 00:00:00,100.0
2020-11-30 00:00:00,100.0
2020-12-01 00:00:00,100.0
2020-12-02 00:00:00,100.0
2020-12-03 00:00:00,100.0
2020-12-04 00:00:00,100.0
2020-12-05 00:00:00,100.0
2020-12-06 00:00:00,100.0
2020-12-11 00:00:00,100.0
2020-12-12 00:00:00,100.0
2020-12-13 00:00:00,100.0
2020-12-14 00:00:00,100.0
2020-12-15 00:00:00,100.0
2020-12-16 00:00:00,100.0
2020-12-17 00:00:00,100.0
2020-12-18 00:00:00,100.0
2020-12-19 00:00:00,100.0
2020-12-20 00:00:00,100.0
2020-12-21 00:00:00,100.0
2020-12-22 00:00:00,100.0
2020-12-23 00:00:00,100.0
2020-12-24 00:00:00,100.0
2020-12-25 00:00:00,100.0
2020-12-26 00:00:00,100.0
2020-12-27 00:00:00,100.0
2020-12-28 00:00:00,100.0
2020-12-29 00:00:00,100.0
2020-12-30 00:00:00,100.0
2020-12-31 00:00:00,100.0
2021-01-01 00:00:00,100.0
2021-01-02 00:00:00,100.0
2021-01-03 00:00:00,100.0
2021-01-04 00:00:00,100.0
2021-01-09 00:00:00,100.0
2021-01-10 00:00:00,100.0
2021-01-11 00:00:00,100.0
2021-01-12 00:00:00,100.0
2021-01-13 00:00:00,100.0
2021-01-14 00:00:00,100.0
2021-01-15 00:00:00,100.0
2021-01-16 00:00:00,100.0
2021-01-17 00:00:00,100.0
2021-01-18 00:00:00,100.0
2021-01-19 00:00:00,100.0
2021-01-20 00:00:00,100.0
2021-01-21 00:00:00,100.0
2021-01-22 00:00:00,100.0
2021-01-23 00:00:00,100.0
2021-01-24 00:00:00,100.0
2021-01-25 00:00:00,100.0
2021-01-26 00:00:00,100.0
2021-01-27 00:00:00,100.0
2021-01-28 00:00:00,100.0
2021-01-29 00:00:00,100.0
2021-01-30 00:00:00,100.0
2021-01-31 00:00:00,100.0
2021-02-01 00:00:00,100.0
2021-02-02 00:00:00,100.0
2021-02-03 00:00:00,100.0
2021-02-04 00:00:00,100.0
2021-02-05 00:00:00,100.0
2021-02-06 00:00:00,100.0
2021-02-07 00:00:00,100.0
2021-02-08 00:00:00,100.0
2021-02-09 00:00:00,100.0
2021-02-10 00:00:00,100.0
2021-02-11 00:00:00,97.0
2021-02-12 00:00:00,100.0
2021-02-13 00:00:00,100.0
2021-02-14 00:00:00,100.0
2021-02-15 00:00:00,100.0
2021-02-16 00:00:00,100.0
2021-02-17 00:00:00,100.0
2021-02-18 00:00:00,100.0
2021-02-19 00:00:00,100.0
2021-02-20 00:00:00,100.0
2021-02-21 00:00:00,100.0
2021-02-22 00:00:00,100.0
2021-02-23 00:00:00,100.0
2021-02-24 00:00:00,100.0
2021-02-25 00:00:00,100.0
2021-02-26 00:00:00,100.0
2021-02-27 00:00:00,100.0
2021-02-28 00:00:00,100.0
2021-03-01 00:00:00,100.0
2021-03-02 00:00:00,100.0
2021-03-03 00:00:00,100.0
2021-03-04 00:00:00,100.0
2021-03-05 00:00:00,100.0
2021-03-06 00:00:00,100.0
2021-03-07 00:00:00,100.0
2021-03-08 00:00:00,100.0
2021-03-09 00:00:00,100.0
2021-03-10 00:00:00,100.0
2021-03-11 00:00:00,100.0
2021-03-12 00:00:00,100.0
2021-03-13 00:00:00,100.0
2021-03-14 00:00:00,100.0
2021-03-15 00:00:00,100.0
2021-03-16 00:00:00,100.0
2021-03-17 00:00:00,100.0
2021-03-18 00:00:00,100.0
2021-03-19 00:00:00,100.0
2021-03-20 00:00:00,100.0
2021-03-21 00:00:00,100.0
2021-03-22 00:00:00,100.0
2021-03-23 00:00:00,100.0
2021-03-24 00:00:00,100.0
2021-03-25 00:00:00,100.0
2021-03-26 00:00:00,100.0
2021-03-27 00:00:00,100.0
2021-03-28 00:00:00,100.0
2021-03-29 00:00:00,100.0
2021-03-30 00:00:00,100.0
2021-03-31 00:00:00,100.0
2022-08-18 00:00:00,86.0
2022-08-19 00:00:00,84.0
2022-08-20 00:00:00,89.0
2022-08-21 00:00:00,91.0
2022-08-22 00:00:00,90.0
2022-08-23 00:00:00,94.0
2022-08-24 00:00:00,91.0
2022-08-25 00:00:00,86.0
2022-08-26 00:00:00,92.0
2022-08-27 00:00:00,84.0
2022-08-28 00:00:00,88.0
2022-08-29 00:00:00,91.0
2022-08-30 00:00:00,87.0
2022-08-31 00:00:00,91.0
2022-09-01 00:00:00,93.0
2022-09-02 00:00:00,86.0
2022-09-03 00:00:00,81.0
2022-09-04 00:00:00,86.0
2022-09-05 00:00:00,90.0
2022-09-06 00:00:00,98.0
2022-09-07 00:00:00,87.0
2022-09-08 00:00:00,94.0
2022-09-09 00:00:00,94.0
2022-09-10 00:00:00,88.0
2022-09-11 00:00:00,88.0
2022-09-12 00:00:00,87.0
2022-09-13 00:00:00,96.0
2022-09-14 00:00:00,89.0
2022-09-15 00:00:00,96.0
2022-09-16 00:00:00,88.0
2022-09-17 00:00:00,85.0
2022-09-19 00:00:00,97.0
2022-09-20 00:00:00,90.0
2022-09-21 00:00:00,97.0
2022-09-22 00:00:00,93.0
2022-09-23 00:00:00,98.0
2022-09-24 00:00:00,97.0
2022-09-25 00:00:00,96.0
2022-09-26 00:00:00,87.0
2022-09-27 00:00:00,96.0
2022-09-28 00:00:00,96.0
2022-09-29 00:00:00,94.0
2022-09-30 00:00:00,94.0
2022-10-01 00:00:00,98.0
2022-10-02 00:00:00,91.0
2022-10-06 15:00:00,90.0
2022-10-11 15:00:00,95.0
2022-10-17 13:57:00,92.0
2022-11-01 11:00:00,72.0
2022-11-02 00:00:00,93.0
2022-11-03 00:00:00,97.0
2022-11-04 00:00:00,98.0
2022-12-01 00:00:00,87.0
2022-12-02 00:00:00,79.0
2022-12-03 00:00:00,82.0
2022-12-04 00:00:00,88.0
2022-12-06 00:00:00,86.0
2022-12-07 00:00:00,88.0
2022-12-15 00:00:00,90.0
2022-12-16 00:00:00,87.0
2022-12-18 00:00:00,85.0
2022-12-19 00:00:00,86.0
2022-12-20 00:00:00,79.0
2022-12-21 00:00:00,83.0
2022-12-22 00:00:00,94.0
2022-12-23 00:00:00,90.0
2022-12-24 00:00:00,85.0
2022-12-25 00:00:00,82.0
2022-12-26 00:00:00,83.0
2022-12-27 00:00:00,89.0
2022-12-28 00:00:00,97.0
2022-12-29 00:00:00,92.0
2022-12-30 00:00:00,86.0
2023-01-02 01:00:00,93.0
2023-01-03 00:00:00,94.0
2023-01-04 00:00:00,89.0
2023-01-05 00:00:00,91.0
2023-01-06 00:00:00,96.0
2023-01-07 00:00:00,96.0
2023-01-08 00:00:00,96.0
2023-01-09 00:00:00,97.0
2023-01-10 00:00:00,97.0
2023-01-11 00:00:00,94.0
2023-01-12 00:00:00,94.0
2023-01-13 00:00:00,98.0
2023-01-14 00:00:00,94.0
2023-01-15 00:00:00,94.0
2023-01-16 00:00:00,92.0
2023-01-17 00:00:00,93.0
2023-01-18 00:00:00,96.0
2023-01-19 00:00:00,93.0
2023-01-20 00:00:00,88.0
2023-01-21 00:00:00,91.0
2023-01-22 00:00:00,85.0
2023-01-23 00:00:00,92.0
2023-01-24 00:00:00,92.0
2023-01-25 00:00:00,89.0
2023-01-26 00:00:00,88.0
2023-01-27 00:00:00,91.0
2023-01-28 00:00:00,90.0
2023-01-29 00:00:00,90.0
2023-01-30 00:00:00,84.0
2023-01-31 00:00:00,83.0
2023-02-01 00:00:00,92.0
2023-02-02 00:00:00,87.0
2023-02-03 00:00:00,76.0
2023-02-04 00:00:00,92.0
2023-02-05 00:00:00,91.0
2023-02-06 00:00:00,93.0
2023-02-07 00:00:00,88.0
2023-02-08 00:00:00,90.0
2023-02-09 00:00:00,85.0
2023-02-10 00:00:00,88.0
2023-02-11 00:00:00,91.0
2023-02-12 00:00:00,93.0
2023-02-13 00:00:00,97.0
2023-02-14 00:00:00,96.0
2023-02-15 00:00:00,96.0
2023-02-16 00:00:00,95.0
2023-02-17 00:00:00,77.0
2023-02-18 00:00:00,90.0
2023-02-19 00:00:00,91.0
2023-02-20 00:00:00,92.0
2023-02-21 00:00:00,84.0
2023-02-22 00:00:00,91.0
2023-02-23 00:00:00,89.0
2023-02-24 00:00:00,90.0
2023-02-25 00:00:00,91.0
2023-02-26 00:00:00,94.0
2023-02-27 00:00:00,95.0
2023-02-28 00:00:00,97.0
2023-03-01 00:00:00,97.0
2023-03-02 00:00:00,98.0
2023-03-03 00:00:00,94.0
2023-03-04 00:00:00,98.0
2023-03-05 00:00:00,98.0
2023-03-06 00:00:00,98.0
2023-03-07 00:00:00,97.0
2023-03-08 00:00:00,94.0
2023-03-09 00:00:00,94.0
2023-03-10 00:00:00,88.0
2023-03-11 00:00:00,88.0
2023-03-12 00:00:00,95.0
2023-03-13 00:00:00,99.0
2023-03-14 00:00:00,99.0
2023-03-15 00:00:00,99.0
2023-03-16 00:00:00,99.0
2023-03-17 00:00:00,89.0
2024-11-07 00:00:00,1.0
2024-11-20 00:00:00,99.0
2024-11-21 00:00:00,99.0
2024-11-22 00:00:00,99.0
2024-11-24 00:00:00,99.0
2024-12-21 00:00:00,99.0
2025-01-02 00:00:00,99.0
2025-01-03 00:00:00,99.0
2025-01-04 00:00:00,99.0
2025-01-05 00:00:00,99.0
2025-01-06 00:00:00,99.0
2025-01-07 00:00:00,99.0
2025-01-08 00:00:00,99.0
2025-01-09 00:00:00,99.0
2025-01-10 00:00:00,99.0
2025-01-11 00:00:00,99.0
2025-01-12 00:00:00,99.0
2025-01-13 00:00:00,99.0
2025-01-14 00:00:00,99.0
2025-01-18 00:00:00,43.0
2025-01-19 00:00:00,99.0
2025-01-20 00:00:00,99.0
2025-01-23 00:00:00,99.0
2025-01-24 00:00:00,99.0
2025-01-25 00:00:00,35.0
2025-01-26 00:00:00,99.0
2025-01-27 00:00:00,99.0
2025-01-28 00:00:00,34.0
2025-01-29 00:00:00,99.0
2025-01-30 00:00:00,99.0
2025-01-31 00:00:00,99.0
2025-02-04 03:00:00,99.0
2025-02-26 00:00:00,79.0
2025-02-27 00:00:00,99.0
2025-02-28 00:00:00,99.0
2025-03-01 00:00:00,99.0
2025-03-02 00:00:00,90.0
2025-03-03 00:00:00,99.0
2025-03-04 00:00:00,99.0
2025-03-05 00:00:00,99.0
2025-03-07 00:00:00,99.0
2025-03-08 00:00:00,99.0
2025-03-09 00:00:00,99.0
2025-03-10 00:00:00,99.0
2025-03-11 00:00:00,99.0
2025-03-12 00:00:00,99.0
2025-03-13 00:00:00,99.0
2025-03-14 00:00:00,99.0
2025-03-15 00:00:00,99.0
2025-03-16 00:00:00,99.0
2025-03-17 00:00:00,99.0
2025-03-18 00:00:00,99.0
2025-03-19 00:00:00,99.0
2025-03-20 00:00:00,99.0
2025-03-28 03:00:00,99.0
2025-03-29 00:00:00,99.0
2025-03-30 00:00:00,99.0
2025-03-31 00:00:00,99.0
2025-04-01 00:00:00,99.0
2025-04-02 00:00:00,71.0
2025-04-03 00:00:00,99.0
2025-04-04 00:00:00,99.0
2025-04-05 00:00:00,99.0
2025-04-06 00:00:00,99.0
2025-04-07 00:00:00,99.0
2025-04-08 00:00:00,99.0
2025-04-09 00:00:00,99.0
2025-04-10 00:00:00,99.0
2025-04-11 00:00:00,99.0
2025-04-12 00:00:00,99.0
2025-04-13 00:00:00,99.0
2025-04-14 00:00:00,99.0
2025-04-15 00:00:00,99.0
2025-04-16 00:00:00,99.0
2025-04-17 00:00:00,99.0
2025-04-18 00:00:00,99.0
2025-04-19 00:00:00,99.0
2025-04-20 00:00:00,99.0
2025-04-21 00:00:00,99.0
2025-04-22 00:00:00,99.0
2025-04-23 00:00:00,99.0
2025-04-24 00:00:00,99.0
2025-04-25 00:00:00,99.0
2025-04-26 00:00:00,99.0
2025-04-27 00:00:00,99.0
2025-04-28 00:00:00,99.0
2025-04-29 00:00:00,99.0
2025-04-30 00:00:00,99.0
2025-05-01 00:00:00,99.0
2025-05-02 00:00:00,99.0
2025-05-03 00:00:00,99.0
2025-05-04 00:00:00,99.0
2025-05-05 00:00:00,99.0
2025-05-06 00:00:00,99.0
2025-05-07 00:00:00,99.0
2025-05-08 00:00:00,99.0
2025-05-09 00:00:00,99.0
2025-05-10 00:00:00,99.0
2025-05-11 00:00:00,99.0
2025-05-12 00:00:00,99.0
2025-05-13 00:00:00,99.0
2025-05-14 00:00:00,99.0
2025-05-15 00:00:00,99.0
2025-05-16 00:00:00,99.0
2025-05-18 00:00:00,99.0
2025-05-19 00:00:00,99.0
2025-05-20 00:00:00,99.0
2025-05-21 00:00:00,99.0
2025-05-25 00:00:00,99.0
2025-05-26 00:00:00,99.0
2025-05-27 00:00:00,99.0
2025-05-28 00:00:00,99.0
2025-05-29 00:00:00,99.0
2025-05-30 00:00:00,99.0
2025-05-31 00:00:00,99.0
2025-06-01 00:00:00,99.0
2025-06-02 00:00:00,99.0
2025-06-03 00:00:00,99.0
2025-06-04 00:00:00,69.0
2025-06-05 00:00:00,99.0
2025-06-07 00:00:00,76.0
2025-06-08 00:00:00,99.0
2025-06-10 00:00:00,99.0
2025-06-12 00:00:00,69.0
2025-06-14 00:00:00,99.0
2025-06-15 00:00:00,99.0
2025-06-29 00:00:00,1.0
2025-07-20 00:00:00,99.0
2025-07-21 00:00:00,99.0
2025-07-22 00:00:00,99.0
2025-07-23 00:00:00,99.0
2025-07-24 00:00:00,99.0
2025-07-25 00:00:00,99.0
2025-07-26 00:00:00,99.0
2025-07-27 00:00:00,99.0
2025-07-28 00:00:00,85.0
2025-07-30 00:00:00,38.0
2025-07-31 00:00:00,99.0
2025-08-01 00:00:00,99.0
2025-08-04 00:00:00,99.0
2025-08-05 00:00:00,99.0
2025-08-06 00:00:00,99.0
2025-08-07 00:00:00,99.0
2025-08-08 00:00:00,99.0
2025-08-09 00:00:00,99.0
2025-08-10 00:00:00,99.0
2025-08-11 00:00:00,99.0
2025-08-12 00:00:00,99.0
2025-08-13 00:00:00,99.0
2025-08-14 00:00:00,99.0
2025-08-15 00:00:00,99.0
2025-08-16 00:00:00,99.0
2025-08-17 00:00:00,99.0
2025-08-18 00:00:00,99.0
2025-08-19 00:00:00,99.0
2025-08-20 00:00:00,99.0
2025-08-21 00:00:00,5.0
2025-08-22 00:00:00,99.0
2025-08-23 00:00:00,99.0
2025-08-24 00:00:00,99.0
2025-08-25 00:00:00,99.0
2025-08-26 00:00:00,99.0
2025-08-27 00:00:00,99.0
2025-08-28 00:00:00,91.0
2025-08-29 00:00:00,99.0
2025-08-30 00:00:00,99.0
2025-09-01 00:00:00,99.0
2025-09-02 00:00:00,99.0
2025-09-03 00:00:00,99.0
2025-09-05 03:00:00,99.0
2025-09-06 00:00:00,99.0
2025-09-07 00:00:00,99.0
2025-09-13 00:00:00,76.0
2025-09-15 00:00:00,99.0
2025-09-17 00:00:00,99.0
2025-09-18 00:00:00,99.0
2025-09-22 00:00:00,99.0
2025-09-23 00:00:00,99.0
2025-09-24 00:00:00,99.0
2025-09-25 00:00:00,99.0
2025-09-26 00:00:00,99.0
2025-09-27 00:00:00,99.0
2025-09-28 00:00:00,99.0
2025-09-29 00:00:00,99.0
2025-09-30 00:00:00,99.0
2025-10-01 00:00:00,99.0
2025-10-02 00:00:00,99.0
2025-10-04 00:00:00,99.0
2025-10-05 00:00:00,99.0
2025-10-06 00:00:00,99.0
2025-10-07 00:00:00,99.0
2025-10-08 00:00:00,99.0
2025-10-09 00:00:00,99.0
2025-10-10 00:00:00,99.0
2025-10-11 00:00:00,99.0
2025-10-12 00:00:00,99.0
2025-10-13 00:00:00,99.0
2025-10-14 00:00:00,99.0
2025-10-15 00:00:00,99.0
2025-10-16 00:00:00,99.0
2025-10-17 00:00:00,99.0
2025-10-18 00:00:00,99.0
2025-10-19 00:00:00,99.0
2025-10-20 00:00:00,99.0
2025-10-21 00:00:00,99.0
2025-10-22 00:00:00,99.0
2025-10-23 00:00:00,99.0
2025-10-24 00:00:00,99.0
2025-10-25 00:00:00,99.0
2025-10-26 00:00:00,99.0
2025-10-27 00:00:00,99.0
2025-10-28 00:00:00,99.0
2025-10-29 00:00:00,99.0
2025-10-30 00:00:00,99.0
2025-10-31 00:00:00,99.0
2025-11-01 00:00:00,99.0
2025-11-02 00:00:00,99.0
2025-11-03 00:00:00,99.0
2025-11-04 00:00:00,99.0
2025-11-05 00:00:00,99.0
2025-11-06 00:00:00,99.0
2025-11-07 00:00:00,99.0
2025-11-09 00:00:00,99.0
